time,open,high,low,close,EMA,EMA,Plot,Plot,Plot,Shapes,Shapes
1690983000,453.25,453.52,449.3499,450.13,450.3604505569991,453.5842095434263,-10,,,0,0
1691069400,448.04,450.79,447.37,448.84,450.21564574204683,452.72162599007606,5,,,0,0
1691155800,450.72,452.895,446.27,446.81,449.8912985285186,451.64678490097134,10,,,0,0
1691415000,448.71,450.865,447.99,450.71,449.9692700972311,451.476460373522,-14,,,0,1
1691501400,448.08,450.6952,445.2705,448.75,449.85314913559006,450.9807403056089,-41,,,0,1
1691587800,449.03,449.1999,444.96,445.75,449.4623730274386,450.02969661368,-16,,,0,1
1691674200,448.19,451.7,444.7,445.91,449.1240517867302,449.2806608657382,-17,,,0,1
1691760600,443.97,446.7007,443.345,445.65,448.7931897118035,448.62054070833125,-25,,,0,1
1692019800,444.7,448.11,444.38,448.11,448.7281240249651,448.5277151249983,-27,,,0,1
1692106200,446.27,446.64,442.3,442.89,448.17211221306366,447.5026760113622,-36,,,0,1
1692192600,442.46,444.18,439.53,439.64,447.35953009753376,446.0730985547509,-72,,,0,1
1692279000,441.16,441.43,435.75,436.29,446.30528913586386,444.29435336297803,-91,,,0,1
1692365400,433.37,437.57,433.01,436.5,445.3714520753054,442.87719820607293,-74,,,0,1
1692624600,437.55,440.11,435.32,439.34,444.79702806813344,442.2340712595142,-51,,,0,1
1692711000,441.18,441.18,437.57,438.15,444.1639777759303,441.49151284869345,-50,,,0,1
1692797400,439.25,443.67,439.1,443.03,444.05597989250833,441.77123778529466,-21,,,0,1
1692883800,444.69,445.22,436.855,436.89,443.37350561703136,440.88374000615016,-56,,,0,1
1692970200,438.68,441.3,435,439.97,443.04936222493313,440.7176054595774,-65,,,0,1
1693229400,442.24,443.4,439.9728,442.76,443.02180391779666,441.0889499214724,-3,,,0,0
1693315800,442.65,449.45,442.46,449.16,443.60639402086366,442.5564135721138,10,,,0,0
1693402200,449.51,451.67,448.78,451.01,444.31149935221,444.0934292862749,22,,,0,0
1693488600,451.65,452.83,450.16,450.35,444.88659465199953,445.23098759786126,15,,,0,0
1693575000,453.17,453.67,449.68,451.19,445.4869189708567,446.31444439825015,26,,,0,0
1693920600,450.73,451.06,449.17,449.24,445.84435525934657,446.8463635985683,-39,,,0,1
1694007000,448.4,448.51,443.81,446.22,445.8801309489326,446.7324793079195,-54,,,0,1
1694093400,443.11,445.55,442.75,444.85,445.78202323951047,446.39021034284326,-100,,,0,1
1694179800,444.9,447.11,444.53,445.52,445.7570686452714,446.2319902805081,-72,,,0,1
1694439000,448.24,448.77,446.4699,448.45,446.0135382981027,446.6352647749612,-43,,,0,1
1694525400,446.95,448.53,445.39,445.99,446.0112965554262,446.5179439067864,-39,,,0,1
1694611800,446.22,447.71,445.0793,446.51,446.0587921215761,446.51649956009794,-70,,,0,1
1694698200,449.07,451.08,447.715,450.36,446.4684309671403,447.21531782189834,-40,,,0,1
1694784600,447.14,447.48,442.92,443.37,446.17334230360314,446.51616912700774,-59,,,0,1
1695043800,443.05,444.97,442.56,443.63,445.93111922706953,445.9914111039154,-84,,,0,1
1695130200,442.68,443.29,439.94,442.71,445.62434596734863,445.3947909032035,-91,,,0,1
1695216600,444.01,444.435,438.43,438.64,444.9591701609345,444.166647102621,-80,,,0,1
1695303000,435.7,435.97,431.23,431.39,443.6668682408455,441.84362035668994,-170,,,0,1
1695389400,432.45,434.1,429.99,430.42,442.4052617417173,439.7665984736554,-135,,,0,1
1695648600,429.17,432.27,428.72,432.23,441.4361891948871,438.3963078420817,-154,,,0,1
1695735000,429.09,429.82,425.02,425.88,439.95464736680265,436.12061550715777,-145,,,0,1
1695821400,427.09,427.67,422.29,426.05,438.630395236631,434.28959450585637,-113,,,0,1
1695907800,425.48,430.2499,424.87,428.52,437.6675004521899,433.24057732297337,-109,,,0,1
1695994200,431.67,431.85,425.91,427.48,436.69726231388614,432.1931996278873,-48,,,0,1
1696253400,426.62,428.6,424.46,427.31,435.8032373316113,431.3053451500896,-162,,,0,1
1696339800,425.06,427.3729,420.18,421.59,434.44959568098164,429.5389187591642,-227,,,0,1
1696426200,422.07,425.4299,420.56,424.66,433.5172532351739,428.65184262113434,-192,,,0,1
1696512600,424.36,425.37,421.1701,424.5,432.6584672127764,427.89696214456444,-131,,,0,1
1696599000,421.97,431.125,420.6,429.54,432.3614703353691,428.1956963000982,-115,,,0,1
1696858200,427.58,432.88,427.0101,432.29,432.35466363676255,428.9401151546258,-104,,,0,1
1696944600,432.94,437.22,432.53,434.54,432.56279090945185,429.9582760356029,-26,,,0,1
1697031000,435.64,436.58,433.18,436.32,432.9206203466469,431.11495312003876,-55,,,0,1
1697117400,436.95,437.335,431.23,433.66,432.99103745649006,431.57768891639535,-145,,,0,1
1697203800,435.21,436.45,429.88,431.5,432.8490338892053,431.56356365886893,-159,,,0,1
1697463000,433.82,437.14,433.57,436.04,433.1529354235667,432.3774611754382,-64,,,0,1
1697549400,432.81,438.14,432.45,436.02,433.4259891927508,433.03974096172215,-30,,,0,1
1697635800,434.19,435.18,429.09,430.21,433.1197045077269,432.5252426050454,-116,,,0,1
1697722200,430.95,432.82,425.725,426.43,432.4825897927053,431.4170166768553,-177,,,0,1
1697808600,425.98,426.54,421.08,421.19,431.4071050505429,429.5575590992453,-220,,,0,1
1698067800,419.61,424.45,417.8,420.46,430.36452361715783,427.90345744483704,-257,,,0,1
1698154200,422.65,424.82,420.74,423.63,429.72314041552374,427.1264651821394,-149,,,0,1
1698240600,421.89,421.92,417.015,417.55,428.5637937092834,425.3852896944777,-253,,,0,1
1698327000,416.45,417.325,411.6,412.55,427.03867049887543,423.05160065911815,-191,,,0,1
1698413400,414.19,414.6,409.21,410.68,425.48070187993494,420.80221872109666,-239,,,0,1
1698672600,413.56,416.68,412.22,415.59,424.5387302723221,419.85454258998817,-186,,,0,1
1698759000,416.18,418.53,414.21,418.2,423.9350416749581,419.5537166645358,-97,,,0,1
1698845400,419.2,423.5,418.6499,422.66,423.8136091344859,420.118495452802,-120,,,0,1
1698931800,426.58,430.915,426.56,430.76,424.47517016929675,422.0533144613834,-40,,,0,1
1699018200,433.14,436.29,433.01,434.69,425.4480111055542,424.3508936502228,19,,,0,0
1699281000,435.47,436.1498,433.68,435.69,426.42343861931096,426.4125493501823,2,,,0,0
1699367400,435.69,437.585,434.51,436.93,427.4240635127099,428.3248131046946,-6,,,0,0
1699453800,437.55,438.09,434.87,437.25,428.3598669876899,429.9475743583865,-48,,,0,1
1699540200,438.43,438.47,433.4,433.84,428.8817844174337,430.6552881114071,-84,,,0,1
1699626600,435.98,440.93,433.8335,440.61,429.9987573300591,432.46523572751494,-80,,,0,1
1699885800,439.23,441.33,438.42,440.19,430.96935187005346,433.8697383225122,-30,,,0,1
1699972200,446.32,450.06,446.09,448.73,432.66084216814363,436.57160408205544,72,,,0,0
1700058600,450.11,451.38,448.8,449.68,434.28171434260616,438.954948794409,77,,,0,0
1700145000,449.22,450.56,448.12,450.23,435.8005986909294,441.00495810451645,-4,,,0,0
1700231400,450.24,451.42,449.29,450.79,437.2281607203647,442.784056630968,27,,,0,0
1700490600,450.53,455.125,450.52,454.26,438.85024065175855,444.8705917889738,49,,,0,0
1700577000,453.1842,454.131,451.9599,453.27,440.2235510658768,446.3977569182513,16,,,0,0
1700663400,454.98,456.38,453.8895,455.02,441.6327366786504,447.96543747856924,49,,,0,0
1700836200,455.07,455.5,454.73,455.3,442.93438080449323,449.29899430064756,49,,,0,0
1701095400,454.65,455.4901,454.0799,454.48,444.03396358501766,450.2409953368935,48,,,0,0
1701181800,454.08,456.27,453.5,454.93,445.0716813388255,451.0935416392765,14,,,0,0
1701268200,457.15,458.32,454.2,454.61,445.98009263988973,451.7328977048626,42,,,0,0
1701354600,455.48,456.76,453.34,456.4,446.97246476942405,452.5814617585239,29,,,0,0
1701441000,455.77,459.65,455.16,459.1,448.127468124717,453.7666505297014,69,,,0,0
1701700200,455.6,459.1206,454.34,456.69,448.9429473509344,454.2981686152102,102,,,1,0
1701786600,455.26,457.59,454.87,456.6,449.6721904603692,454.71668341244475,62,,,0,0
1701873000,458.81,458.84,454.31,454.76,450.15674374985787,454.7245591556366,66,,,0,0
1701959400,456.91,458.9,456.29,458.23,450.92562529749046,455.36191203642994,47,,,0,0
1702045800,457.46,460.745,457.21,460.2,451.80889907868186,456.2415643934427,68,,,0,0
1702305000,459.69,462.17,459.47,461.99,452.77852773785503,457.2867345037258,78,,,1,0
1702391400,461.63,464.2,460.6,464.1,453.85676319139264,458.52551004850295,72,,,1,0
1702477800,464.49,470.7599,464.12,470.5,455.44183336364097,460.7026900396842,136,,,1,0
1702564200,472.5,473.73,469.25,472.01,457.01975399567516,462.75856457792344,212,,,1,0
1702650600,469.49,470.7,467.4263,469.33,458.19215837703945,463.95337101830097,120,,,1,0
1702909800,470.98,472.98,469.8929,471.97,459.5043337697024,465.41093992406445,86,,,1,0
1702996200,472.53,474.92,472.45,474.84,460.9648734106831,467.12531448332544,146,,,1,0
1703082600,473.96,475.895,467.82,468.26,461.65964737157043,467.3316209409026,169,,,1,0
1703169000,471.33,472.975,468.84,472.7,462.71110952665896,468.3076898607385,53,,,0,0
1703255400,473.86,475.38,471.7,473.65,463.7529086193581,469.27901897696785,147,,,1,0
1703601000,474.07,476.58,473.99,475.65,464.885964941324,470.4373791629737,190,,,1,0
1703687400,475.44,476.66,474.89,476.51,465.99301589929314,471.541492042433,199,,,1,0
1703773800,476.88,477.55,476.26,476.69,467.01177628983663,472.4775843983543,124,,,1,0
1703860200,476.49,477.03,473.3,475.31,467.8020833098522,472.99256905319896,61,,,0,0
1704205800,472.16,473.67,470.49,472.65,468.2637896612949,472.9302837707991,53,,,0,0
1704292200,470.43,471.19,468.17,468.79,468.31390493164776,472.1775049033811,22,,,0,0
1704378600,468.3,470.96,467.05,467.28,468.2154377953004,471.2870494664027,40,,,0,0
1704465000,467.49,470.44,466.43,467.92,468.18730086241465,470.6748586543295,17,,,0,0
1704724200,468.43,474.75,468.3,474.6,468.79803411361326,471.3885207171787,43,,,0,0
1704810600,471.87,474.93,471.35,473.88,469.28203086469773,471.84151695041896,30,,,0,0
1704897000,474.16,477.4481,473.87,476.56,469.9751707823456,472.6994229594337,28,,,0,0
1704983400,477.59,478.12,472.26,476.35,470.5822973745031,473.3631642395367,5,,,0,0
1705069800,477.84,478.6,475.23,476.68,471.1630309578838,473.96622528689363,30,,,0,0
1705415400,475.26,476.6098,473.06,474.93,471.5217899142758,474.141457052913,-3,,,0,1
1705501800,471.82,472.79,469.87,472.29,471.59495277958285,473.8048284978379,-31,,,0,1
1705588200,474.01,477.06,472.42,476.49,472.0611477529559,474.293041498231,-6,,,0,1
1705674600,477.65,482.72,476.5374,482.43,473.04865749076964,475.7724884985526,15,,,0,1
1705933800,484.01,485.22,482.78,483.45,474.0392615392678,477.16839968063397,105,,,1,0
1706020200,484.01,485.105,482.89,484.86,475.0698080593375,478.56687246597323,71,,,0,0
1706106600,487.81,488.77,484.8819,485.39,476.05268348225775,479.80744110852356,98,,,1,0
1706193000,487.575,488.305,485.39,488.03,477.1933802934713,481.3024518160647,68,,,0,0
1706279400,487.59,489.12,486.54,487.41,478.1663916940931,482.4129151222348,67,,,0,0
1706538600,487.73,491.415,487.17,491.27,479.41435438989373,484.0232941909194,91,,,1,0
1706625000,490.56,491.62,490.11,490.89,480.50727301942766,485.27178615620676,99,,,1,0
1706711400,488.62,489.0813,482.86,482.88,480.7332470175774,484.83691594598736,35,,,0,0
1706797800,484.63,489.23,483.8,489.2,481.5396044444748,485.6302039558078,17,,,0,0
1706884200,489.65,496.05,489.3,494.35,482.7596421164296,487.2156214183882,5,,,0,1
1707143400,493.695,494.3778,490.23,492.55,483.6920571529601,488.1855084332267,-25,,,0,1
1707229800,493.52,494.32,492.05,493.98,484.6718612336306,489.2390523544582,22,,,0,0
1707316200,496.29,498.53,495.36,498.1,485.95073159233243,490.8501337445567,53,,,1,0
1707402600,498.1,498.71,497.26,498.32,487.12875715496745,492.2082912455464,76,,,1,0
1707489000,498.84,501.65,498.49,501.2,488.468875521161,493.84314738271974,121,,,1,0
1707748200,501.17,503.5,500.24,500.98,489.66041118581234,495.140756949498,146,,,1,0
1707834600,494.53,497.09,490.715,494.08,490.08132440621114,494.94789204958926,-29,,,0,1
1707921000,496.79,499.07,494.4,498.57,490.8897697008577,495.6064571314821,41,,,0,0
1708007400,499.29,502.2,498.795,502.01,491.94883925315696,496.77073765303084,104,,,1,0
1708093800,501.7,502.87,498.75,499.51,492.66894980047533,497.26878535247977,96,,,1,0
1708439400,497.72,498.41,494.45,496.76,493.0585736290015,497.17627892475616,21,,,0,0
1708525800,495.42,497.37,493.56,497.21,493.4539475690966,497.18241002934593,-1,,,0,0
1708612200,504.01,508.49,503.02,507.5,494.79166684823025,499.05833547855576,44,,,0,0
1708698600,509.27,510.13,507.1,507.85,496.03531762458925,500.6568199370002,43,,,0,1
1708957800,508.3,508.75,505.86,505.99,496.98338261272363,501.6264890393638,84,,,1,0
1709044200,506.7,507.16,504.75,506.93,497.9306795067499,502.59076375947944,109,,,1,0
1709130600,505.33,506.855,504.96,506.26,498.7239481251547,503.25789762139226,62,,,1,0
1709217000,508.07,509.74,505.35,508.08,499.6150006846638,504.13464350841184,87,,,1,0
1709303400,508.98,513.29,508.56,512.85,500.8754768099339,505.7192537796097,110,,,1,0
1709562600,512.03,514.2,512,512.3,501.96352663755926,506.9157530924079,110,,,1,1
1709649000,510.24,510.7,504.91,507.18,502.46033362445837,506.96379798469735,22,,,0,1
1709735400,510.55,512.069,508.42,509.75,503.1545875649862,507.4703801692978,40,,,0,1
1709821800,513.14,515.89,509.8053,514.81,504.26462684451127,508.80485650215275,68,,,1,0
1709908200,515.46,518.2201,511.13,511.72,504.97466238312927,509.33488259267045,85,,,1,0
1710163800,510.48,511.88,508.5,511.28,505.57517072759316,509.688540303094,18,,,0,0
1710250200,513.45,517.38,510.86,516.78,506.6422973249652,510.9778966116223,-7,,,0,0
1710336600,517.11,517.29,514.49,515.97,507.5306499606828,511.88555177314555,35,,,0,0
1710423000,516.97,517.125,511.82,514.95,508.2372547263321,512.4427241780281,-40,,,0,1
1710509400,510.21,511.7,508.122,509.83,508.3889447523957,511.9676834183866,-22,,,0,1
1710768600,514,515.48,512.44,512.86,508.8147595378818,512.1299227968618,-6,,,0,1
1710855000,512.15,515.995,511.12,515.71,509.47144910570256,512.7808459247051,-2,,,0,0
1710941400,515.77,520.62,515.08,520.48,510.5198825242071,514.1806921202133,29,,,0,0
1711027800,523.39,524.11,521.91,522.2,511.6322746647588,515.6387480983564,109,,,1,0
1711114200,522.11,522.605,520.97,521.21,512.5444389824008,516.6517029895643,37,,,0,0
1711373400,519.8,520.95,519.61,519.77,513.2325876507437,517.2186660823709,26,,,0,1
1711459800,521.23,521.58,518.4,518.81,513.7637697792443,517.5079995219398,14,,,0,1
1711546200,521.71,523.21,519.485,523.17,514.6596012288401,518.5374541543144,66,,,0,0
1711632600,523.21,524.61,522.78,523.07,515.4605915879981,519.3615533989846,105,,,1,0
1711978200,523.83,524.38,520.97,522.16,516.0986304843792,519.8703618718965,53,,,0,0
1712064600,518.24,518.98,516.48,518.84,516.3597132953907,519.6830233497335,-16,,,0,1
1712151000,517.72,520.95,517.665,519.41,516.6502167910678,519.633382740691,10,,,0,1
1712237400,523.52,523.8674,512.755,513.07,516.309243763347,518.4400404242017,51,,,0,0
1712323800,514.46,520.44,514.01,518.43,516.5112205477901,518.4382148925287,-10,,,0,1
1712583000,519.15,520.18,517.89,518.72,516.7215804956196,518.4894485484325,31,,,0,0
1712669400,520.5,520.75,514.35,519.32,516.9690490198464,518.6404579032629,13,,,0,0
1712755800,513.48,516.16,512.09,514.12,516.6977110179562,517.8185564663061,-80,,,0,1
1712842200,515.68,519.48,512.08,518,516.8217385400555,517.851546199705,-31,,,0,1
1712928600,514.37,515.815,509.08,510.85,516.2530015362407,516.5785377997587,-87,,,0,1
1713187800,515.13,515.3,503.58,504.45,515.1289061518369,514.3733491088934,-138,,,0,1
1713274200,504.94,506.5,502.21,503.53,514.0242484230905,512.4018310890946,-161,,,0,1
1713360600,506.05,506.22,499.12,500.55,512.7409866685105,510.2469527092592,-110,,,0,1
1713447000,501.98,504.13,498.56,499.52,511.48184508103327,508.29659767121206,-117,,,0,1
1713533400,499.44,500.455,493.86,495.16,509.9273836447444,505.9081253673553,-93,,,0,1
1713792600,497.83,502.38,495.43,499.72,508.95525186905445,504.7830116641998,-54,,,0,1
1713879000,501.78,506.09,499.5328,505.65,508.64046597676355,504.94064590707256,10,,,0,0
1713965400,506.56,507.37,503.13,505.41,508.3328025504051,505.02598301487757,-14,,,0,0
1714051800,499.18,504.27,497.49,503.49,507.8715832598904,504.7467133758089,-84,,,0,1
1714138200,506.35,509.88,505.7,508.26,507.908575330377,505.3854927620255,-6,,,0,0
1714397400,510.09,510.75,507.25,510.06,508.11347291796017,506.23540316892996,19,,,0,0
1714483800,508.56,509.56,501.98,501.98,507.5293326400592,505.4616935018518,-30,,,0,1
1714570200,501.38,508.19,499.865,500.35,506.84558667433924,504.5322946833333,-8,,,0,1
1714656600,504.15,505.89,499.55,505.03,506.6726736577355,504.62278655909086,10,,,0,0
1714743000,511.16,512.55,508.56,511.29,507.1124190236655,505.8350071847107,66,,,0,0
1715002200,513.75,516.61,513.3,516.57,508.0131410214116,507.7868240602179,73,,,0,0
1715088600,517.56,518.57,516.45,517.14,508.88236568603907,509.4874015038146,73,,,0,0
1715175000,515.26,517.74,515.14,517.19,509.6735689540354,510.8878739576665,18,,,0,0
1715261400,517.38,520.2074,516.705,520.17,510.673229053651,512.5755332380908,52,,,0,0
1715347800,521.81,522.635,519.59,520.84,511.6414929533033,514.078163558438,52,,,0,0
1715607000,522.56,522.67,519.74,520.91,512.5242079101316,515.3203156387219,57,,,0,0
1715693400,521.11,523.83,520.56,523.3,513.5504738234524,516.7711673407724,60,,,0,0
1715779800,525.83,530.08,525.18,529.78,515.0961429831236,519.1364096424502,86,,,1,0
1715866200,529.88,531.5218,528.54,528.69,516.39079603235,520.8734260710957,55,,,0,0
1715952600,528.81,529.52,527.32,529.45,517.6345297435547,522.4328031490783,35,,,0,0
1716211800,529.57,531.5601,529.17,530.06,518.8179078632162,523.8195662128823,53,,,1,0
1716298200,529.28,531.52,529.07,531.36,520.0123928286242,525.1905541741764,26,,,0,0
1716384600,530.65,531.38,527.6,529.83,520.9474030354219,526.0340897788716,26,,,0,0
1716471000,532.96,533.07,524.72,525.96,521.4247932225245,526.0206189099858,-16,,,0,1
1716557400,527.85,530.27,526.881,529.44,522.1881462489507,526.6423245627157,11,,,0,0
1716903000,530.27,530.51,527.11,529.81,522.914037082384,527.2182655513128,27,,,0,0
1716989400,525.68,527.31,525.37,526.1,523.2174621221569,527.0149445419833,-38,,,0,1
1717075800,524.52,525.2,521.33,522.61,523.1596085867134,526.2140455343499,12,,,0,0
1717162200,523.59,527.5,518.36,527.37,523.5605982451216,526.424219073559,6,,,0,0
1717421400,529.02,529.31,522.6,527.8,523.9643507932052,526.6743610601847,25,,,0,0
1717507800,526.46,529.15,524.96,528.39,524.3858411938523,526.9862954128783,-27,,,0,1
1717594200,530.77,534.69,528.7254,534.67,525.3652848896759,528.3833326105369,8,,,0,0
1717680600,534.98,535.42,532.68,534.66,526.2504958525639,529.5245448631665,14,,,0,0
1717767000,533.66,536.89,532.535,534.01,526.9894962475578,530.3400821607726,-31,,,0,1
1718026200,533.18,535.99,532.57,535.66,527.8152585096951,531.307339949723,-51,,,0,1
1718112600,534.07,537.01,532.05,536.95,528.6852338897241,532.3332781406824,-24,,,0,1
1718199000,541.63,544.12,540.3,541.36,529.8923544716552,533.974500296922,57,,,0,0
1718285400,543.15,543.325,539.59,542.45,531.0883207124499,535.5155002429361,-33,,,0,1
1718371800,540.88,542.81,539.85,542.78,532.2018139779309,536.8363183805841,-89,,,0,1
1718631000,542.08,548.53,541.6072,547.1,533.6206888371755,538.702442311387,-53,,,0,1
1718717400,547.16,548.62,546.73,548.49,535.0368137098254,540.4819982547712,-32,,,0,1
1718890200,549.44,550.12,545.18,547,536.1761647850801,541.6670894811764,-64,,,0,1
1718976600,544.4,545.65,543.02,544.51,536.9698633769773,542.1839823027807,-57,,,0,1
1719235800,544.33,546.95,542.62,542.74,537.5194001982176,542.2850764295479,-23,,,0,1
1719322200,543.99,545.2,542.44,544.83,538.2156477983873,542.7477898059938,-61,,,0,1
1719408600,543.69,546.24,543.03,545.51,538.9103480080647,543.2500098412676,-58,,,0,1
1719495000,545.37,546.96,544.61,546.37,539.6207910549157,543.8172807792189,-23,,,0,1
1719581400,547.16,550.28,542.95,544.22,540.0588109544475,543.8905024557246,3,,,0,0
1719840600,545.63,545.88,542.52,545.34,540.5617813397382,544.1540474637746,-28,,,0,1
1719927000,543.7,549.01,543.65,549.01,541.3663735930965,545.0369479249065,-40,,,0,1
1720013400,548.69,551.83,548.65,551.46,542.3276713461349,546.2047755749235,-40,,,0,1
1720186200,551.77,555.05,551.12,554.64,543.5002740750745,547.7384527431192,-43,,,0,1
1720445400,555.44,556.2501,554.19,555.28,544.6221527345912,549.1096431534611,16,,,0,0
1720531800,556.26,557.18,555.52,555.82,545.6886143789159,550.32970803465,-23,,,0,1
1720618200,557.07,561.67,556.77,561.32,547.1773177714001,552.327942937441,-6,,,0,1
1720704600,561.44,562.33,555.83,556.48,548.0632875074573,553.0828624033608,108,,,1,0
1720791000,557.63,563.67,557.15,559.99,549.1991648876995,554.3387056027498,140,,,1,0
1721050200,562.03,564.8371,559.63,561.53,550.37353013649,555.646213674977,181,,,1,0
1721136600,562.865,565.16,562.1,564.86,551.7531939330147,557.321447552254,270,,,1,0
1721223000,558.8,560.51,556.61,556.94,552.2471754632038,557.2520934518442,229,,,1,0
1721309400,558.51,559.52,550.43,552.66,552.2864920857559,556.4171673696907,138,,,1,0
1721395800,552.42,554.08,547.91,548.99,551.9725404585411,555.0667733024742,6,,,0,0
1721655000,553,555.27,551.02,554.65,552.2275366053467,554.990996338388,63,,,0,0
1721741400,554.54,556.735,553.275,553.78,552.3753902619803,554.7708151859538,190,,,1,0
1721827800,548.86,549.17,540.29,541.23,551.3139245227441,552.3088487885076,105,,,1,0
1721914200,541.35,547.455,537.45,538.41,550.0849793301018,549.7817853724152,143,,,1,0
1722000600,542.28,547.19,541.49,544.44,549.5473622510444,548.8105516683397,158,,,1,0
1722259800,546.02,547.05,542.72,544.76,549.0914229890402,548.0740877286415,89,,,1,0
1722346200,546.26,547.34,538.515,542,548.4160493710364,546.9697081416158,78,,,1,0
1722432600,548.98,553.5,547.5799,550.81,548.644044669033,547.6679430249584,133,,,1,0
1722519000,552.57,554.8688,539.43,543.01,548.1074689862679,546.8210442931478,-6,,,0,1
1722605400,535.75,536.99,528.6,532.9,546.6591386066234,544.2899453307573,-90,,,0,1
1722864600,511.64,523.58,510.27,517.38,543.8706492155164,539.3972279978923,-216,,,0,1
1722951000,519.22,529.75,517.87,522.15,541.8020159568958,536.2613683619119,-40,,,0,1
1723037400,528.47,531.59,518.0519,518.66,539.5980144371915,533.061119568837,-61,,,0,1
1723123800,523.91,531.29,521.84,530.65,538.7458225860304,532.6227341926848,-60,,,0,1
1723210200,529.81,534.51,528.56,532.99,538.1976490064085,532.6895097940148,-34,,,0,1
1723469400,534.21,535.73,530.95,533.27,537.7283491010362,532.7950534678304,-46,,,0,1
1723555800,536.53,542.28,536.28,542.04,538.1389825199851,534.4759528373157,-11,,,0,1
1723642200,542.85,544.96,540.12,543.75,538.6733651371294,536.162143230531,-5,,,0,1
1723728600,549.5,553.36,548.88,553.07,540.0444732193075,539.236299006798,51,,,0,0
1723815000,551.42,555.02,551.26,554.31,541.4030948174687,541.976971914653,38,,,0,0
1724074200,554.73,559.61,553.86,559.61,543.1370857872337,545.1829770210796,70,,,0,0
1724160600,559.15,560.84,557.325,558.7,544.6192680932114,547.6406175627016,37,,,0,0
1724247000,559.77,562.11,554.73,560.62,546.1431473224294,550.000505278574,55,,,0,0
1724333400,562.56,563.18,554.98,556.22,547.1028475774361,551.1313225006514,49,,,0,0
1724419800,559.53,563.09,557.29,562.13,548.5340049510137,553.1310820459876,114,,,1,0
1724679000,563.18,563.91,559.05,560.79,549.7012425747266,554.5236125830808,116,,,1,0
1724765400,559.49,562.06,558.32,561.56,550.8306480438002,555.8029557497933,30,,,0,0
1724851800,561.21,561.65,555.04,558.3,551.5420148967717,556.2569637952854,23,,,0,0
1724938200,560.31,563.68,557.18,558.35,552.1903944304124,556.6375158325062,55,,,0,0
1725024600,560.77,564.2,557.14,563.68,553.284642579897,557.9179674993233,61,,,0,0
1725370200,560.47,560.81,549.51,552.08,553.1699147151448,556.8565188630827,-7,,,0,1
1725456600,550.2,554.43,549.46,550.95,552.9584942660834,555.7826063425222,-31,,,0,1
1725543000,550.89,553.7995,547.1,549.61,552.639590050266,554.6603142802454,-16,,,0,1
1725629400,549.94,551.6,539.44,540.36,551.470105283574,552.0602571383827,-59,,,0,1
1725888600,544.65,547.71,542.68,546.41,550.9881904946621,551.0329376586767,-35,,,0,1
1725975000,548.36,549.15,543.38,548.79,550.7788390189801,550.6251308116446,-34,,,0,1
1726061400,548.7,555.36,539.96,554.42,551.1256162552677,551.3151070277091,-26,,,0,1
1726147800,555.01,559.4,552.74,559.09,551.8841289928613,552.728723931762,40,,,0,0
1726234200,559.71,563.03,559.45,562.01,552.8484976602078,554.4162286714417,92,,,1,0
1726493400,561.74,563.11,559.9,562.84,553.8000693116167,555.9478234584523,96,,,1,0
1726579800,565.1,566.58,560.795,563.07,554.6829198533675,557.2427646478246,114,,,1,0
1726666200,563.74,568.69,560.83,561.4,555.3226417720944,557.9986256209475,140,,,1,0
1726752600,571.01,572.88,568.08,570.98,556.8138187461806,560.358875508048,130,,,1,0
1726839000,567.84,569.31,565.17,568.25,557.902978865592,561.7936254156756,73,,,1,0
1727098200,569.34,570.3325,568.1,569.67,559.0236475450594,563.2256935219164,38,,,0,0
1727184600,570.48,571.36,567.6,571.3,560.1928239693394,564.6937492452042,56,,,0,0
1727271000,571.14,571.89,568.91,570.04,561.1306502579738,565.6657948369852,19,,,0,0
1727357400,574.38,574.71,569.9,572.3,562.1943978524524,566.8720139575333,50,,,0,0
1727443800,573.39,574.22,570.42,571.47,563.0777885331712,567.7080114198,48,,,0,0
1727703000,570.42,574.38,568.08,573.76,564.0951420062025,568.8083729798363,57,,,0,0
1727789400,573.4,574.0622,566,568.62,564.5260808627547,568.7741233471388,19,,,0,0
1727875800,567.71,569.9,565.27,568.86,564.9388350663019,568.7897372840226,19,,,0,1
1727962200,567.36,569.8025,565.49,567.82,565.213231726654,568.6134214142004,-2,,,0,1
1728048600,572.35,573.36,568.1,572.98,565.9529239431632,569.4073447934367,56,,,0,0
1728307800,571.3,571.9599,566.63,567.8,566.1288359485762,569.115100285539,29,,,0,0
1728394200,570.42,573.78,569.5299,573.17,566.7994230010928,569.8523547790774,16,,,0,0
1728480600,573.16,577.71,572.55,577.14,567.7842398581316,571.1773811828815,34,,,0,1
1728567000,575.77,577.58,574.49,576.13,568.5790741573572,572.0778573314485,-18,,,0,1
1728653400,576.05,580.33,575.91,579.58,569.6267813804661,573.4418832711851,99,,,1,0
1728912600,581.22,585.27,580.73,584.32,571.0261355347075,575.4197226764242,120,,,1,0
1728999000,584.59,584.9,578.545,579.78,571.8598369123544,576.2125003716197,150,,,1,0
1729085400,579.78,582.83,578.96,582.3,572.8541381587968,577.3193184858707,170,,,1,0
1729171800,585.91,586.12,582.16,582.35,573.7585059531971,578.233987852076,128,,,1,0
1729258200,584.07,585.39,582.58,584.59,574.7900768147973,579.3896264244258,106,,,1,0
1729517400,583.85,584.85,580.6001,583.63,575.6319742610071,580.1606034381666,50,,,0,0
1729603800,581.05,584.5,580.38,583.32,576.3641671885302,580.7350391766818,29,,,0,0
1729690200,581.26,581.7086,574.415,577.99,576.5190084086702,580.2359411445578,9,,,0,0
1729776600,579.98,580.06,576.57,579.24,576.7781504649873,580.0548609364564,29,,,0,0
1729863000,581.51,584.46,578.08,579.04,576.9935647064171,579.8703407661916,31,,,0,0
1730122200,582.58,582.71,580.52,580.83,577.3589394962822,580.0448242632476,68,,,0,0
1730208600,579.85,582.907,578.43,581.77,577.7790404966363,580.3584925790208,61,,,0,0
1730295000,581.29,583.32,579.29,580.01,577.9915128302899,580.2951302919261,81,,,1,0
1730381400,575.56,575.63,568.44,568.64,577.1008925607385,578.176015693394,-15,,,0,1
1730467800,571.32,575.55,570.62,571.04,576.5236646978111,576.8785582945951,-9,,,0,1
1730730600,571.18,572.5,567.89,569.81,575.8842680599244,575.593365877396,-1,,,0,1
1730817000,570.74,576.74,570.52,576.7,575.961956816122,575.7945720815057,49,,,0,0
1730903400,589.2,591.93,585.39,591.04,577.3979609288723,578.5664680666865,388,,,1,0
1730989800,593.08,596.65,592.9999,595.61,579.1324408404083,581.6652920545617,148,,,1,0
1731076200,596.17,599.64,596.165,598.19,580.9474464746552,584.6697844082778,151,,,1,0
1731335400,599.81,600.17,597,598.76,582.6438801437356,587.2316417885909,286,,,1,0
1731421800,598.68,599.29,594.37,596.9,584.0016058443322,588.9895250997562,132,,,1,1
1731508200,597.37,599.23,594.96,597.19,585.2576433829672,590.4805205361641,122,,,1,1
1731594600,597.32,597.81,592.65,593.35,586.0283440131608,591.0022440750433,-2,,,0,1
1731681000,589.72,590.2,583.86,585.75,586.0018350595265,590.0472906068536,-73,,,0,1
1731940200,586.22,589.49,585.34,588.15,586.2064221967144,589.7023286783348,-40,,,0,1
1732026600,584.71,591.045,584.03,590.3,586.5962867494083,589.8109961913648,-36,,,0,1
1732113000,590.38,590.79,584.63,590.5,586.9680689637503,589.9362696111166,10,,,0,1
1732199400,593.4,595.12,587.45,593.67,587.6063481100598,590.6151296818226,74,,,1,0
1732285800,593.66,596.15,593.1525,595.51,588.3590768614827,591.5051061033095,138,,,1,0
1732545000,599.52,600.86,595.2,597.53,589.23249811277,592.6005413572532,315,,,1,0
1732631400,598.8,601.33,598.07,600.65,590.3198792448871,594.0640792922981,75,,,1,0
1732717800,600.46,600.85,597.28,598.83,591.1303669358502,594.9306103300621,104,,,1,0
1732890600,599.66,603.35,599.3805,602.55,592.2179510371978,596.3159539064144,104,,,1,0
1733149800,602.97,604.32,602.47,603.63,593.304812843179,597.6457804688845,88,,,1,0
1733236200,603.39,604.16,602.341,603.91,594.3148306676381,598.7847294745418,78,,,1,0
1733322600,605.63,607.91,604.95,607.66,595.5857991754822,600.3984150246251,94,,,1,0
1733409000,607.66,608.48,606.305,606.66,596.6404849682934,601.5368850201478,67,,,1,0
1733495400,607.44,609.07,607.02,607.81,597.7042483046464,602.6774513801209,50,,,0,0
1733754600,607.69,607.86,604.08,604.68,598.3686056089658,603.0415511291899,87,,,1,0
1733841000,605.37,605.8,602.13,602.8,598.7906431700167,602.9976327420644,44,,,0,0
1733927400,605.78,608.435,605.5,607.46,599.6162962014437,603.8089722435072,53,,,1,1
1734013800,606.58,607.16,604.33,604.33,600.0652203727348,603.9037045628696,9,,,0,1
1734100200,606.4,607.13,602.81,604.21,600.4599612896171,603.9593946423479,-33,,,0,1
1734359400,606,607.7795,605.21,606.79,601.0628221191774,604.474050161921,9,,,0,1
1734445800,604.19,605.17,602.885,604.29,601.3701723935415,604.4405864961171,-5,,,0,1
1734532200,603.98,606.405,585.89,586.28,599.9330131179661,601.1386616786413,-61,,,0,1
1734618600,591.36,593,585.85,586.1,598.6155832972074,598.404359555252,-113,,,0,1
1734705000,581.77,595.75,580.91,591.15,597.9045753641401,597.0853850906607,-63,,,0,1
1734964200,590.89,595.3,587.661,594.69,597.59842532946,596.6498605287223,-35,,,0,1
1735050600,596.06,601.34,595.47,601.3,597.9509562504638,597.495340432591,-35,,,0,1
1735223400,599.5,602.48,598.0825,601.34,598.2737223218483,598.1943694448472,22,,,0,0
1735309800,597.54,597.7761,590.7647,595.01,597.9628916245293,597.6153931821477,8,,,0,0
1735569000,587.89,591.74,584.41,588.22,597.034997184098,595.9071398763027,-25,,,0,1
1735655400,589.905,590.6399,584.42,586.08,595.9916641189458,594.1203871715204,0,,,0,0
1735828200,589.39,591.13,580.5,584.64,594.9105532504748,592.3966804130622,27,,,0,0
1735914600,587.53,592.6,586.43,591.95,594.6285957980487,592.3154657925054,31,,,0,0
1736173800,596.27,599.7,593.6,595.36,594.6982533410917,592.8690174665953,62,,,0,0
1736260200,597.42,597.75,586.78,588.63,594.120324451464,592.0982870181234,10,,,0,0
1736346600,588.7,590.5799,585.195,589.49,593.6793411703721,591.6240530148283,-44,,,0,1
1736519400,585.88,585.95,578.55,580.49,592.4232134398605,589.599679739405,-100,,,0,1
1736778600,575.77,581.75,575.35,581.39,591.3724312074929,588.1070106958769,-124,,,0,1
1736865000,584.36,585,578.35,582.19,590.4979139496364,587.0311905693538,-41,,,0,1
1736951400,590.325,593.94,589.195,592.78,590.7152554782425,588.0764286476532,23,,,0,0
1737037800,594.175,594.35,590.93,591.64,590.8033263850765,588.7243507117163,4,,,0,0
1737124200,596.96,599.36,595.61,597.58,591.4487238722121,590.3344687641315,27,,,0,0
1737469800,600.67,603.06,598.67,603.05,592.5536073129538,592.6463835342894,81,,,1,0
1737556200,605.92,607.82,605.36,606.44,593.8761209021962,595.1543138007822,64,,,0,0
1737642600,605.8,609.75,605.52,609.75,595.3879189115108,597.8080749279127,26,,,0,0
1737729000,609.81,610.78,606.8,607.97,596.5862123485098,599.6556976682922,51,,,0,0
1737988200,594.81,599.69,594.64,599.37,596.851334981985,599.6037526376936,20,,,0,0
1738074600,600.62,605.37,597.25,604.52,597.5816840313198,600.4976157944766,30,,,0,0
1738161000,603.72,604.13,599.22,601.81,597.9843807902417,600.7362311045717,30,,,0,0
1738247400,603.96,606.6,600.715,605.04,598.6563445245044,601.5187345401041,61,,,0,0
1738333800,607.5,609.96,601.05,601.82,598.9576450459803,601.573510078267,30,,,0,0
1738593000,592.67,600.29,590.49,597.77,598.8445359939822,600.8819627913093,-65,,,0,1
1738679400,597.83,602.3,597.28,601.78,599.1241039945553,601.0452422837985,24,,,0,0
1738765800,600.64,604.37,598.58,604.22,599.6094274236452,601.6224709594716,61,,,0,0
1738852200,605.99,606.4525,602.63,606.32,600.2485295737742,602.4765671486585,71,,,1,0
1738938600,606.89,608.13,600.05,600.77,600.298193423891,602.1662822125388,16,,,0,1
1739197800,604.03,605.4999,602.74,604.85,600.7316988120918,602.6542309011681,5,,,0,1
1739284200,602.55,605.86,602.43,605.31,601.1677274966545,603.1370980100467,-45,,,0,1
1739370600,599.2,604.55,598.51,603.36,601.376515354116,603.1776256445836,-42,,,0,1
1739457000,604.48,609.94,603.2,609.73,602.1720853203907,604.3689664364775,49,,,1,1
1739543400,609.94,610.99,609.07,609.7,602.8890295755916,605.3382452662089,68,,,1,0
1739889000,610.88,611.49,608.38,611.49,603.7081696160114,606.4567461268982,58,,,1,0
1739975400,610.08,613.23,609.56,612.93,604.5864391763913,607.6337013765531,26,,,0,1
1740061800,611.54,611.684,607.02,610.38,605.1382068738778,608.1330283989979,-10,,,0,1
1740148200,610.16,610.3,599.47,599.94,604.6431395525561,606.6433868719074,-14,,,0,1
1740407400,602.02,603.03,596.49,597.21,603.9352214999318,604.9282256224697,-82,,,0,1
1740493800,597.15,597.89,589.56,594.24,603.0118670713669,602.9849118729297,-89,,,0,1
1740580200,595.93,599.58,591.8556,594.54,602.2050225883795,601.4494733505788,-62,,,0,1
1740666600,596.85,598.02,584.65,585.05,600.5712109132958,598.4677509232008,-108,,,0,1
1740753000,585.56,594.72,582.44,594.18,599.9625241596485,597.6881598462552,-138,,,0,1
1741012200,596.18,597.34,579.9,583.77,598.4203790015868,595.1575853287543,-160,,,0,1
1741098600,579.71,585.39,572.25,576.86,596.3670095728642,591.8307516326172,-255,,,0,1
1741185000,576.69,584.88,573.0795,583.06,595.0996753278295,590.2360695175959,-57,,,0,1
1741271400,575.48,580.1736,570.12,572.71,592.9673252966076,587.0495114234875,-59,,,0,1
1741357800,570.9,577.39,565.63,575.92,591.3437705064545,585.0259638919443,-56,,,0,1
1741613400,567.59,569.54,555.59,560.58,588.4138876010778,580.581243184318,-105,,,0,1
1741699800,559.4,564.02,552.02,555.92,585.3192316390704,576.0973807871693,-149,,,0,1
1741786200,562.17,563.11,553.69,558.87,582.8002571972542,572.9651297349567,-94,,,0,1
1741872600,558.49,559.105,549.68,551.42,579.8116612737061,569.04783341951,-141,,,0,1
1741959000,556.11,563.83,551.4917,562.81,578.1924554381151,567.91368188869,-49,,,0,1
1742218200,562.79,569.71,562.35,567.15,577.1407930154375,567.7748306362009,-8,,,0,0
1742304600,564.8,565.02,559.06,561.02,575.6054793949196,566.5466796114371,-31,,,0,1
1742391000,562.83,570.95,561.63,567.13,574.7982908811177,566.6527378639031,-18,,,0,0
1742477400,563.33,570.57,562.6012,565.49,573.9117869876779,566.441330979557,-24,,,0,0
1742563800,559.28,564.89,558.03,563.98,572.965902512661,565.9938162560012,-73,,,0,1
1742823000,570.8,575.15,570.2,574.08,573.0720070352647,567.4640314821828,-7,,,0,0
1742909400,575.3,576.41,573.69,575.46,573.2994349366681,568.9178439399677,-32,,,0,1
1742995800,575.19,576.33,567.19,568.59,572.8509173236521,568.8582359508827,-57,,,0,1
1743082200,567.18,570.9,564.94,567.08,572.301306149971,568.5349203234495,-61,,,0,1
1743168600,565.53,566.2675,555.07,555.66,570.7164198499737,566.1940257191859,-153,,,0,1
1743427800,549.83,560.7112,546.87,559.39,569.6377131975953,564.9569301338794,-265,,,0,1
1743514200,557.45,562.94,553.68,560.97,568.8122167025863,564.2320337459013,-176,,,0,1
1743600600,555.05,567.42,554.81,564.52,568.4034341594828,564.2843912466465,-126,,,0,1
1743687000,545.11,547.97,536.7,536.7,565.3840594776273,559.2690473836199,-371,,,0,1
1743773400,523.67,525.87,505.06,505.28,559.6598633369008,549.4528569502344,-611,,,0,1
1744032600,489.19,523.17,481.8,504.38,554.3951144476722,541.2577920501917,-591,,,0,1
1744119000,521.86,524.98,489.16,496.48,548.8793892621796,533.1163753137932,-332,,,0,1
1744205400,493.44,548.62,493.05,548.62,548.8546855229245,535.9352161658309,-378,,,0,1
1744291800,532.17,533.495,509.32,524.58,546.5428107112174,533.8706314084071,-67,,,0,1
1744378200,523.01,536.43,520.07,533.94,545.3425430244348,533.8832438796059,-65,,,0,1
1744637400,544.05,544.28,533.86,539.12,544.7499198792506,534.8353813560411,-32,,,0,0
1744723800,539.675,543.23,536.81,537.61,544.0699275097982,535.3398574731245,-23,,,0,0
1744810200,531.68,537.8854,520.29,525.66,542.3166010802936,533.5798833871019,-56,,,0,1
1744896600,527.64,531.165,523.91,526.41,540.8016866916942,532.2762682258106,-39,,,0,1
1745242200,521.16,521.7,508.46,513.88,538.2377165305804,528.9314921847541,-63,,,0,1
1745328600,520.14,529.305,519.1925,527.25,537.1912673371918,528.6257663329807,-11,,,0,0
1745415000,540.43,545.43,533.88,535.42,537.0225752098402,529.861081545166,14,,,0,0
1745501400,536.715,547.43,535.4504,546.69,537.9432823327126,532.9208849005904,2,,,0,0
1745587800,546.65,551.05,543.69,550.64,539.1524935391209,536.1425421913922,-11,,,0,0
1745847000,551.39,553.55,545.02,550.85,540.2665417734903,538.8166254293209,-5,,,0,0
1745933400,548.91,555.45,548.55,554.32,541.6049663664912,541.635420805808,-5,,,0,0
1746019800,547.57,556.52,541.52,554.54,542.8368743315873,543.9817079320247,-24,,,0,0
1746106200,560.37,564.0699,557.86,558.47,544.3257434428647,546.6159428534747,-9,,,0,0
1746192600,564.73,568.38,562.38,566.76,546.462339305449,550.2784986982975,10,,,0,0
1746451800,562.57,566.65,561.7,563.51,548.0859260382633,552.684226207698,13,,,0,0
1746538200,557.93,563.3476,556.96,558.8,549.1063140346192,553.7961850790256,-36,,,0,1
1746624600,560.15,563.82,556.04,561.15,550.2533317456079,555.1332423373846,-13,,,0,1
1746711000,565.24,570.31,561.7,565.06,551.6634906269785,556.938107366951,-5,,,0,0
1746797400,566.48,567.5,562.7637,564.34,552.8707772339329,558.2839060275054,-5,,,0,0
1747056600,581.47,583,577.04,582.99,555.7392746402251,562.7759231134135,40,,,0,0
1747143000,583.41,589.08,582.84,586.84,558.7012484840131,567.1512098200656,14,,,0,0
1747229400,587.81,588.98,585.535,587.59,561.4525581522024,570.8673534891445,-8,,,0,0
1747315800,585.56,590.97,585.0969,590.46,564.2151716615165,574.4296528547546,0,,,0,0
1747402200,591.25,594.5,589.28,594.2,567.070869598515,578.0242614266174,32,,,0,0
1747661400,588.1,595.54,588.1,594.85,569.7165010653231,581.0834866217779,22,,,0,0
1747747800,593.09,594.05,589.6,592.85,571.9196914400542,583.2228526905456,24,,,0,0
1747834200,588.44,592.58,581.82,582.86,572.9616255886204,583.1568794740828,-2,,,0,0
1747920600,582.66,586.62,581.405,583.09,573.9262326754185,583.1447195697041,-14,,,0,0
1748007000,575.98,581.8101,575.6,579.11,574.4199248015691,582.4111341933942,-23,,,0,0
1748352600,586.07,591.31,578.43,591.15,576.0132652966578,584.0000188855043,42,,,0,0
1748439000,591.56,592.7688,586.985,587.73,577.1291447922142,584.6781972699581,24,,,0,0
1748525400,593.06,593.2,586.07,590.05,578.359702431051,585.6548886754202,17,,,0,0
1748611800,588.93,591.1299,583.235,589.39,579.4102069614271,586.3339998253439,7,,,0,0
1748871000,587.76,592.79,585.06,592.71,580.6768539174817,587.4932725843722,26,,,0,0
1748957400,592.34,597.08,591.85,596.09,582.1447725920073,589.0563139326682,41,,,0,0
1749043800,596.96,597.95,595.49,595.93,583.4576513927684,590.3060750358194,35,,,0,0
1749130200,597.63,599,591.05,593.05,584.371208402981,590.8049704838522,24,,,0,0
1749216600,598.66,600.83,596.86,599.14,585.7777599836495,592.320430395879,52,,,0,0
1749475800,599.72,601.25,598.49,599.68,587.1017828423495,593.6585339602647,50,,,0,0
1749562200,600.22,603.47,599.09,603.08,588.6235178097448,595.3715277856711,42,,,0,0
1749648600,604.19,605.06,599.27,601.36,589.8365161135787,596.4603409155491,38,,,0,0
1749735000,600.01,603.75,599.52,603.75,591.1616098170474,597.7857334763584,19,,,0,0
1749821400,598.5,601.85,595.48,597,591.7176469773286,597.6428728442932,-19,,,0,0
1750080600,600.4,604.45,600.22,602.68,592.7616805985355,598.5587141453308,14,,,0,0
1750167000,600.21,601.75,596.76,597.53,593.2158062558178,598.3716752098161,3,,,0,0
1750253400,598.44,601.22,596.47,597.44,593.6181104219304,598.2022797171222,20,,,0,0
1750426200,598.38,599.46,592.86,594.28,593.6811475246037,597.4891379503728,22,,,0,0
1750685400,595.04,600.54,591.89,600.15,594.2972287127367,597.972931050305,11,,,0,1
1750771800,604.33,607.8499,603.41,606.78,595.4860640734285,599.5742163138859,72,,,0,0
1750858200,607.91,608.61,605.54,607.12,596.5940579711971,600.9461769840885,40,,,0,0
1750944600,608.99,612.31,608.37,611.87,598.0489095929879,602.9323266233451,34,,,0,0
1751031000,612.88,616.39,610.83,614.91,599.6547277269891,605.1100854191005,65,,,0,0
1751290200,617.38,619.22,615.04,617.85,601.3876108006092,607.4264335247186,73,,,0,0
1751376600,616.36,618.83,615.52,617.65,602.9364097719797,609.2852637929516,65,,,0,0
1751463000,617.24,620.49,616.61,620.45,604.6043707460768,611.3152158305968,69,,,0,0
1751549400,622.45,626.28,622.43,625.34,606.5791925797838,613.8651765886701,69,,,0,0
1751895000,623.36,624.03,617.87,620.68,607.9221266198044,615.1042353907301,76,,,0,0
1751981400,621.35,622.11,619.52,620.34,609.1047812274421,616.0561925924155,60,,,0,0
1752067800,622.77,624.72,620.9105,624.06,610.5290877772095,617.5114303028854,49,,,0,0
1752154200,624.2,626.8701,623.01,625.82,611.985365131761,619.0220793387244,74,,,0,0
1752240600,622.74,624.86,621.53,623.62,613.0934255954028,619.8580649135018,38,,,0,0
1752499800,623.16,625.1581,621.7999,624.81,614.209289824412,620.7584167474106,46,,,0,0
1752586200,627.52,627.86,622.06,622.14,614.9645955554204,621.0096137024268,51,,,0,0
1752672600,623.74,624.73,618.05,624.22,615.8460626453804,621.5933203019856,24,,,0,0
1752759000,624.4,628.4048,624.18,628.04,617.007390012487,622.7654438834428,69,,,0,0
1752845400,629.3,629.47,626.46,627.58,618.014305249393,623.6408177228168,60,,,0,0
1753104600,628.77,631.54,628.34,628.77,619.0386571304032,624.5733963186683,55,,,0,0
1753191000,629.1,629.73,626.19,628.86,619.9740231179838,625.3527788061832,43,,,0,0
1753277400,631.55,634.21,629.73,634.21,621.3298304400806,626.9631826596044,74,,,0,0
1753363800,634.6,636.15,633.99,634.42,622.576513255311,628.3189676305855,51,,,0,0
1753450200,635.09,637.5799,634.84,637.1,623.959702469091,629.9155189704791,38,,,0,0
1753709400,637.48,638.04,635.54,636.94,625.1959212815585,631.1926973394828,49,,,0,0
1753795800,638.35,638.67,634.335,635.26,626.1544049690291,631.9322069141223,37,,,0,0
1753882200,635.92,637.68,631.54,634.46,626.9454140195977,632.3918056570092,23,,,0,0
1753968600,639.455,639.85,630.765,632.08,627.4344222082075,632.3351137193712,-1,,,0,1
1754055000,626.3,626.34,619.29,621.72,626.8901915217116,630.4050930431218,-64,,,0,1
1754314200,625.67,631.215,625.58,631.17,627.2977923291676,630.5441670352815,31,,,0,0
1754400600,631.79,632.6052,627.04,627.97,627.3618121073421,630.0761366652303,23,,,0,0
1754487000,629.05,633.44,628.13,632.78,627.877830001881,630.567748180643,-2,,,0,1
1754573400,636.24,636.98,629.11,632.25,628.2942271445589,630.8736121477988,10,,,0,1
1754659800,634.06,637.645,633.74,637.18,629.1404912260296,632.0202281209263,19,,,0,1
1754919000,637.46,638.95,634.66,635.92,629.7861587283124,632.7292775534851,5,,,0,1
1755005400,638.29,642.85,636.79,642.69,631.0150959922827,634.540317998306,66,,,0,0
1755091800,644.91,646.19,642.68,644.89,632.3365154215891,636.4220783622504,104,,,1,0
1755178200,642.79,645.62,642.34,644.95,633.5377996671521,637.972609569114,43,,,0,0
1755264600,645.99,646.09,642.5153,643.44,634.4808663655185,638.9666805565478,47,,,0,0
1755523800,642.86,644,642.18,643.3,635.3207838545168,639.7545568189936,47,,,0,0
1755610200,643.12,644.105,638.48,639.81,635.7483282493247,639.7646373973583,20,,,0,0
1755696600,639.4,639.66,632.95,638.11,635.9732493684367,639.4637942342023,-9,,,0,0
1755783000,636.28,637.97,633.81,635.55,635.932939904776,638.7521952825291,27,,,0,0
1755869400,637.76,646.5,637.25,645.31,636.8259932471783,639.9445234129784,138,,,1,0
1756128600,644.04,645.29,642.35,642.47,637.363517699828,640.403700974255,100,,,1,0
1756215000,642.2,645.51,641.57,645.16,638.1060398236539,641.2684826152995,90,,,1,0
1756301400,644.57,647.37,644.42,646.63,638.9178455547344,642.2433039579723,105,,,1,0
1756387800,647.24,649.48,645.34,648.92,639.8704316923787,643.4572486928864,95,,,1,0
1756474200,647.47,647.84,643.14,645.05,640.3637239121522,643.7468398396344,55,,,0,0
1756819800,637.5,640.49,634.92,640.27,640.3547978252806,643.1146871415191,40,,,0,0
1756906200,642.67,644.21,640.46,643.74,640.6771980323967,643.2283803885156,45,,,0,0
1756992600,644.42,649.15,643.51,649.12,641.4812744102637,644.29958395424,44,,,0,0
1757079000,651.48,652.21,643.33,647.24,642.0297244664291,644.8342050534691,101,,,1,0
1757338200,648.62,649.84,647.23,648.83,642.6773697553406,645.5607132255656,97,,,1,0
1757424600,648.97,650.86,647.22,650.33,643.4061916834033,646.4278562754628,62,,,0,0
1757511000,653.62,654.55,650.63,652.21,644.2446496183173,647.4791551344696,62,,,0,0
1757597400,654.18,658.33,653.59,657.63,645.5194448927633,649.3247632918387,111,,,1,0
1757683800,657.6,659.11,656.9,657.41,646.6518787125001,650.7948063296863,69,,,0,0
1757943000,659.64,661.04,659.34,660.91,648.0097950255953,652.6339324515615,58,,,0,0
1758029400,661.47,661.78,659.21,660,649.151719308872,653.9732174603685,49,,,0,0
1758115800,660.01,661.72,654.3,659.18,650.106793660408,654.9199051948469,92,,,1,0
1758202200,661.89,664.89,660.27,662.26,651.2642418832263,656.254467886693,118,,,1,0
1758288600,662.33,664.55,660.37,663.7,652.4485997991095,657.6082009982033,114,,,1,0
1758547800,662.2,667.29,662.17,666.84,653.8192093420514,659.2867099076209,91,,,1,0
1758634200,666.72,667.34,661.98,663.21,654.7135703570941,660.0000353789626,104,,,1,0
1758720600,664.51,664.61,659.67,661.1,655.3218017516566,660.2000289464239,32,,,0,0
1758807000,657.94,659.4056,654.405,658.05,655.5816301562608,659.8091145925287,-20,,,0,1
1758893400,659.51,662.37,657.88,661.82,656.1757606175693,660.1747301211598,18,,,0,0
1759152600,664.36,665.28,661.86,663.68,656.8904500825627,660.8120519173125,55,,,0,0
1759239000,662.93,666.65,661.61,666.18,657.7751691223186,661.7880424778011,50,,,0,0
1759325400,663.17,669.37,663.06,668.45,658.7918196820979,662.9993074818373,55,,,0,0
1759411800,670.45,670.565,666.78,669.22,659.7849797123743,664.1303424851396,77,,,1,0
1759498200,669.99,672.675,668.16,669.21,660.6826006921482,665.0539165787507,126,,,1,0
1759757400,671.62,672.51,669.455,671.61,661.7233053881341,666.2459317462506,123,,,1,0
1759843800,672.54,672.99,667.67,669.12,662.4277524940261,666.7684896105686,55,,,0,0
1759930200,670.25,673.2056,669.42,673.11,663.445109399357,667.9214914995562,62,,,1,0
1760016600,673.53,673.94,669.21,671.16,664.1798608851325,668.5103112269096,65,,,1,0
1760103000,672.13,673.95,652.84,653.02,663.1170169913104,665.6938910038351,-15,,,0,1
1760362200,660.65,665.13,659.7679,663.04,663.109682039757,665.2113653667742,-16,,,0,1
1760448600,657.17,665.83,653.17,662.23,663.0259027978753,664.6692989364516,31,,,0,1
1760535000,666.82,670.23,658.93,665.17,663.230102531411,664.7603354934604,110,,,1,0
1760621400,666.82,668.71,657.11,660.64,662.9834260998481,664.0111835855585,48,,,1,1
1760707800,659.5,665.755,658.14,664.39,663.1173855189102,664.080059297275,-18,,,0,0
1760967000,667.32,672.21,667.27,671.3,663.8966821361569,665.3927757886796,41,,,0,0
1761053400,671.44,672.99,669.981,671.29,664.6008076469991,666.464998372556,18,,,0,0
1761139800,672,672,663.3,667.8,664.9054926329992,666.7077259411822,-10,,,0,0
1761226200,668.12,672.7101,667.8,671.76,665.5583028584279,667.6263212246035,27,,,0,0
1761312600,676.46,678.47,675.65,677.25,666.6717978242918,669.3760810019484,89,,,1,0
1761571800,682.73,685.54,682.115,685.24,668.4401980315022,672.260429910685,84,,,1,0
1761658200,687.05,688.905,684.83,687.06,670.2135125046924,674.9512608360151,23,,,0,1
1761744600,688.72,689.7,682.87,687.39,671.8493684566265,677.2128497749214,-9,,,0,1
1761831000,683.9,685.94,679.83,679.83,672.6094286036144,677.6886952703903,-41,,,0,1
1761917400,685.04,685.08,679.24,682.06,673.5094830223178,678.4834779485012,-42,,,0,1
1762180200,685.67,685.8,679.94,683.34,674.445722734478,679.3664819578646,-26,,,0,1
1762266600,676.11,679.96,674.58,675.24,674.5213681883372,678.6162125109802,-86,,,0,1
1762353000,674.98,680.86,674.17,677.58,674.8126664561146,678.4278102362565,-24,,,0,1
1762439400,676.47,677.38,668.72,670.31,674.3838410793418,676.9518447387553,-60,,,0,1
1762525800,667.91,671.08,661.205,670.97,674.0587133574998,675.8642366044362,-110,,,0,1
1762785000,677.235,682.18,675.03,681.44,674.7616930377379,676.878011767266,41,,,0,1
1762871400,679.95,683.57,678.73,683,675.5462937008105,677.991100536854,36,,,0,0
1762957800,684.79,684.96,680.945,683.38,676.2923609674,678.9709004392441,59,,,0,0
1763044200,680.5,680.86,670.52,672.04,675.8873742086,677.7107367230179,-43,,,0,1
1763130600,665.38,675.66,663.265,671.93,675.5104814268286,676.6596936824692,-88,,,0,1
1763389800,669.7,673.71,662.17,665.67,674.5732927195116,674.6615675583839,-99,,,0,1
1763476200,662.095,665.12,655.86,660.08,673.1929791271772,672.0103734568596,-134,,,0,1
1763562600,660.78,667.34,658.745,662.63,672.1869811150651,670.3048510101579,-115,,,0,1
1763649000,672.91,675.56,651.89,652.53,670.3148876755351,667.0730599174019,-85,,,0,1
1763735400,655.05,664.55,650.85,659.03,669.2401364683413,665.6106853869652,-97,,,0,1
1763994600,662.69,670.06,661.59,668.73,669.191552042785,666.177833498426,40,,,0,1
1764081000,668.63,676.21,664.48,675.02,669.7466423244246,667.7855001350758,107,,,1,0
1764167400,677.63,681.7,676.72,679.68,670.6926763887651,669.948136474153,120,,,1,0
1764340200,680.86,683.665,680.5,683.39,671.9019453041208,672.3921116606706,120,,,1,0
1764599400,678.81,682.99,678.74,680.27,672.6989028942045,673.8244549950941,32,,,0,0
1764685800,681.92,683.82,679.3275,681.53,673.5399597614231,675.2254631778043,27,,,0,0
1764772200,680.57,684.91,679.69,683.89,674.5256778793828,676.8008335091126,64,,,0,0
1764858600,685.3,685.37,681.34,684.39,675.4651371289654,678.1806819620012,94,,,1,0
1764945000,685.47,688.39,684.58,685.69,676.4389335928735,679.5460125143646,75,,,0,0
1765204200,686.59,686.64,681.57,683.63,677.1237970602189,680.2885556935711,103,,,1,0
1765290600,683.15,685.385,682.59,683.04,677.6872449592456,680.7888182947399,61,,,0,0
1765377000,682.56,688.97,681.31,687.57,678.6284597250318,682.021760422969,122,,,1,0
1765463400,685.14,689.25,682.165,689.17,679.6324159416954,683.3214403460655,145,,,1,0
1765549800,688.17,688.88,679.1744,681.76,679.8350429948673,683.0375421013264,95,,,1,0
1765809000,685.74,685.76,679.25,680.73,679.9202769953562,682.6179889919944,53,,,1,1
1765895400,679.23,681.08,674.98,678.87,679.820250614846,681.9365364479954,12,,,0,1
1765981800,679.89,680.435,671.195,671.4,679.0183219848607,680.0208025483599,13,,,0,0
1766068200,677.6,680.74,674.9,676.47,678.7756246529692,679.3752020850218,43,,,0,0
1766154600,676.59,681.09,676.47,680.59,678.9484223050674,679.5960744331996,44,,,0,0
1766413800,683.94,685.36,680.5868,684.83,679.5085725617276,680.547697263527,76,,,1,0
1766500200,683.92,688.2,683.87,687.96,680.3134704129917,681.8953886701585,17,,,0,0
1766586600,687.95,690.83,687.8,690.38,681.2721875165163,683.4380452755842,17,,,0,0
1766759400,690.64,691.66,689.27,690.31,682.1329315625624,684.6874915891143,-4,,,0,0
1767018600,687.54,689.2,686.07,687.85,682.6774142708898,685.2624931183663,-27,,,0,1
1767105000,687.445,688.555,686.58,687.01,683.090041483186,685.5802216422996,-25,,,0,1
1767191400,687.14,687.36,681.71,681.92,682.9786089609778,684.9147267982452,-28,,,0,0
1767364200,685.71,686.87,679.82,683.17,682.9968366789799,684.5975037440188,15,,,0,0
1767623400,686.54,689.43,686.375,687.72,683.4466617571723,685.1652303360154,64,,,0,0
1767709800,687.93,692.315,687.78,691.81,684.2431701612511,686.3733702749216,85,,,1,0
1767796200,692.19,693.96,689.32,689.58,684.7514396697034,686.9563938612995,59,,,0,0
1767882600,688.82,690.615,687.49,689.51,685.2046358916364,687.4206858865177,92,,,1,0
1767969000,690.63,695.31,689.18,694.07,686.0489562829091,688.629652088969,92,,,1,0
1768228200,690.68,696.09,690.63,695.16,686.9166747321558,689.8169880727928,92,,,1,0
1768314600,695.49,696.09,691.35,693.77,687.5693723767124,690.5357175141032,87,,,1,0
1768401000,691,691.72,686.04,690.36,687.8351464360732,690.5037688751754,64,,,0,0
1768487400,694.57,695.45,691.25,692.24,688.2546562993043,690.8194472615072,125,,,1,0
1768573800,693.66,694.25,690.1,691.66,688.5789747469896,690.9722750321423,74,,,1,0
1768919400,681.49,684.77,676.57,677.58,687.5314533425144,688.5373159353892,16,,,0,1
1769005800,679.65,688.735,678.13,685.4,687.3284577860844,687.9668948562276,120,,,1,1
1769092200,689.85,691.125,686.92,688.98,687.4857475207431,688.1510957914589,238,,,1,0
1769178600,688.15,690.96,687.16,689.23,687.6518668044819,688.3472601930118,56,,,0,0
1769437800,690.49,694.13,689.92,692.73,688.1354985373883,689.1441219761006,39,,,0,0
1769524200,694.18,696.53,693.57,695.49,688.8359272481133,690.297917980446,39,,,0,0
1769610600,697.05,697.84,693.94,695.42,689.462981795912,691.2292056203648,39,,,0,1
1769697000,696.39,697.06,684.83,694.04,689.8988882915395,691.7402591439348,-12,,,0,1
1769783400,691.79,694.21,687.12,691.97,690.0961370256786,691.782030208674,-4,,,0,1
1770042600,689.58,696.93,689.42,695.41,690.6022192137092,692.4416610798241,49,,,1,1
1770129000,696.21,696.96,684.03,689.53,690.5001030981178,691.9122681562197,12,,,1,1
1770215400,690.35,691.45,681.76,686.19,690.0896170887733,690.8718557641798,51,,,1,1
1770301800,680.94,683.69,675.79,677.62,688.9020345088901,688.4624274434199,-37,,,1,1
1770388200,681.46,692.31,680.85,690.62,689.0656502699482,688.8547133627981,125,,,1,1
1770647400,689.42,695.87,688.34,693.95,689.530826434715,689.7811291150166,74,,,1,1
1770733800,694.95,696.54,691.66,692.12,689.7774143933135,690.2063783668318,60,,,0,0
1770820200,696.39,697.14,689.18,691.96,689.9852796891884,690.5252186637715,4,,,1,1
1770906600,694.24,695.35,680.37,681.27,689.1552530521228,688.8424516339949,-26,,,1,1
1770993000,681.69,686.28,677.52,681.75,688.4499908566826,687.5529149732686,-4,,,0,1
1771338600,680.14,684.94,675.78,682.85,687.9166583941413,686.6978395235834,-29,,,0,1
1771425000,684.02,689.15,682.83,686.29,687.7617385470802,686.6236868829319,43,,,0,0
1771511400,683.84,686.18,681.5475,684.48,687.4491920187869,686.2339256314898,-7,,,0,1
1771597800,682.32,690.06,681.73,689.43,687.6378403979501,686.815030062128,18,,,0,1
1771857000,687.83,690,680.371,682.39,687.1380460743358,686.0104791417411,-65,,,0,1
1771943400,681.9,688.35,680,687.35,687.1582321624943,686.2540283886973,-3,,,0,1
1772029800,690.18,693.68,690.1,693.15,687.7288767184472,687.5078414089342,55,,,1,1
1772116200,693.28,693.3,684.35,689.3,687.8785075071664,687.8336884254916,48,,,0,0
1772202600,683.09,686.86,681.64,685.99,687.6986496493411,687.4984723481294,15,,,0,0
1772461800,678.7,688.62,678.02,686.38,687.5730639684515,687.2951137393786,17,,,0,1
1772548200,675.06,682.61,669.66,680.33,686.8832483524085,686.028729423128,-34,,,0,1
1772634600,681.63,687.09,679.62,685.13,686.7162723188458,685.8653240734683,32,,,0,0
1772721000,682.08,685.53,675.61,681.31,686.2013892408604,685.0370833328377,3,,,0,0
1772807400,673.41,676.11,669.76,672.38,684.8850664560166,682.73579545414,-24,,,0,1
1773063000,666.39,679.92,662.39,678.27,684.2550601268722,681.9238326442963,-56,,,0,1
1773149400,677.72,683.36,674.76,677.18,683.5812448766939,681.0613176180607,14,,,0,0
1773235800,677.58,680.08,673.34,676.33,682.8906501265326,680.2010780511406,-20,,,0,1
1773322200,671.16,671.65,665.87,666.06,681.2877310668628,677.6299729509332,-66,,,0,1
1773408600,669.27,672.335,661.36,662.29,679.4784233462092,674.8408869598544,-70,,,0,1
1773667800,668.38,672.07,667.12,669.03,678.483335408475,673.7843620580627,-10,,,0,1
1773754200,672.39,674.44,669.7,670.79,677.750636798144,673.2399325929604,-10,,,0,1
1773840600,668.36,669.72,661.19,661.43,676.196290436416,671.092672121513,-66,,,0,1
1773927000,656.97,662.98,655.17,659.8,674.6347389662811,669.0394590085107,-95,,,0,1
1774013400,656.51,656.69,644.72,648.57,672.1523828742544,665.3177391887815,-91,,,0,1
1774272600,658.07,662.615,653.94,655.38,670.5550130767064,663.5108775180939,-31,,,0,1
1774359000,651.32,657.03,649.88,653.18,668.9002499265439,661.6325361511678,-61,,,0,1
1774445400,658.67,660.89,654.24,656.82,667.7497499335398,660.7575295782282,-17,,,0,1
1774531800,652.06,654.85,644.82,645.09,665.5916785112979,657.9088878367321,-28,,,0,1
1774618200,642.5,642.66,633.105,634.09,662.5915186530791,653.5781809573263,-146,,,0,1
1774877400,640.11,640.37,629.28,631.97,659.675183543262,649.6494207832669,-98,,,0,1