time,open,high,low,close
1611844200,46.04,47.69,43.86,44.67
1611930600,41.69,44.39,32.47,33.89
1612189800,38.22,46.32,35.14,45.04
1612276200,49.66,55.33,48.5,54.03
1612362600,55.13,57.95,51.64,57.52
1612449000,60.09,69.24,60.09,69.23
1612535400,75.65,75.65,70.46,75.18
1612794600,80.54,84.55,80.54,84.55
1612881000,83.95,85.03,81.6,84.18
1612967400,86.19,86.72,81.53,82.92
1613053800,85.12,85.29,76.92,80.24
1613140200,78.41,81.35,78.41,80.94
1613485800,83.37,83.37,79.24,79.24
1613572200,74.64,76.16,70.94,74.93
1613658600,70.91,71.3,65.58,66.92
1613745000,69.84,74.84,69.51,72.22
1614004200,68.31,71.85,66.97,67.01
1614090600,54.62,60.62,53.69,58.9
1614177000,59.69,66.77,59.69,65.82
1614263400,64.07,64.39,50.46,50.46
1614349800,49.88,50.6,40.91,44.58
1614609000,52.45,57.8,52.45,56.58
1614695400,55.15,55.15,50.55,50.56
1614781800,51.09,52.34,47.71,48.14
1614868200,47.27,47.27,33.12,37.79
1614954600,41.89,46.09,32.58,45.58
1615213800,46.2,51.6,46.2,48.24
1615300200,51.27,55,51.27,52.95
1615386600,58.38,58.95,56.88,58.11
1615473000,61.95,67.25,61,67.16
1615559400,64.81,69.74,64.81,69.63
1615815000,70.61,74.16,70.12,74.07
1615901400,76.69,76.69,65.72,68
1615987800,62.25,73.96,62.25,72.74
1616074200,70.17,72.64,58.96,59.3
1616160600,58.81,66.05,55.58,62.39
1616419800,63.51,63.51,56.03,56.23
1616506200,50.51,50.51,31.45,33.07
1616592600,40.85,44.17,25.69,25.73
1616679000,21.18,35.55,19.03,34.38
1616765400,40.71,44.9,35.81,44.86
1617024600,42.95,44.47,31.76,32.23
1617111000,32.77,39.58,31.18,37.68
1617197400,41.99,45.2,37.96,39.79
1617283800,45.67,50.96,44.47,50.96
1617629400,58.63,58.63,50.79,54.06
1617715800,56.16,58.53,53.92,54.06
1617802200,54.76,54.76,43.95,45.39
1617888600,48.59,50.7,41.41,50.6
1617975000,51.8,51.8,47.87,50.96
1618234200,53.09,53.09,48.28,51.03
1618320600,51.52,51.52,45.26,48.36
1618407000,53.94,61.08,53.94,54.2
1618493400,61.36,61.36,54.75,58.41
1618579800,63.34,63.34,56.82,59.9
1618839000,58.71,60.09,50.74,53.73
1618925400,52.24,52.24,37.53,40.91
1619011800,40.98,52.97,40.98,52.87
1619098200,53.97,57.97,47.17,48.67
1619184600,52.57,61.68,52.57,58.89
1619443800,65.93,67.76,64.91,65.75
1619530200,69.55,69.55,62.51,64.01
1619616600,63.79,66.56,63.35,65.25
1619703000,70.86,70.86,58.75,62.93
1619789400,59.29,61.19,53.42,53.51
1620048600,61,62.1,57.62,60.56
1620135000,54.76,54.76,47.31,51.18
1620221400,52.17,52.38,47.12,49.96
1620307800,48.4,50.97,44.41,50.91
1620394200,50.68,57.84,50.68,57.17
1620653400,57.11,57.11,48.49,48.49
1620739800,38.86,44.76,38.09,43.5
1620826200,41.74,41.74,28.42,28.45
1620912600,30.91,39.65,30.91,37.78
1620999000,41.92,51.02,41.92,50.63
1621258200,47.17,51.43,46.02,51.42
1621344600,50.27,54.89,48.15,48.22
1621431000,33.95,42.27,31.05,42.27
1621517400,41.88,49.21,39.42,48.58
1621603800,54.59,57.81,50.86,52.53
1621863000,54.82,59.05,54.6,55.7
1621949400,59.05,61.79,44,44
1622035800,48.6,57.69,48.45,57.41
1622122200,64.84,66.75,64.37,65.04
1622208600,68.02,68.02,64.35,66.3
1622554200,73.52,74.59,70.89,73.52
1622640600,74.06,74.06,68.39,70.38
1622727000,64.96,67.03,61.4,66.44
1622813400,70.21,70.21,65.81,68.48
1623072600,71.13,72.06,69.76,71.45
1623159000,72.55,76.07,70.01,74.46
1623245400,75.25,75.25,69.58,69.62
1623331800,71.74,72.09,66.14,66.97
1623418200,68.86,69.57,66.43,68.56
1623677400,69.49,69.49,62.68,63.11
1623763800,63.98,63.98,56.47,60.82
1623850200,58.01,59.79,52.53,55.91
1623936600,54.65,54.65,42.59,46.43
1624023000,37.97,37.97,32.08,33.83
1624282200,33.64,41.3,33.64,41.04
1624368600,37.38,40.46,33.96,40.08
1624455000,40.75,44.06,40.75,42.04
1624541400,44.77,49.63,43.78,49.63
1624627800,50.43,54.45,50.43,51.11
1624887000,50.91,50.91,42.11,44.43
1624973400,46.08,46.08,39.44,39.77
1625059800,37.93,40.77,37.62,39.99
1625146200,43.79,46.24,41.56,44.94
1625232600,45.38,45.38,38.12,40.73
1625578200,38.59,38.59,27.92,31.97
1625664600,33.41,33.41,26.06,30.23
1625751000,20.23,26.93,18.39,24.6
1625837400,29.35,38.28,29.35,38.26
1626096600,35.83,42.94,35.16,42.94
1626183000,40.1,40.25,32.27,32.27
1626269400,36.88,38.58,28.23,28.23
1626355800,25.04,28.81,23.48,28
1626442200,30.81,30.81,23.34,23.34
1626701400,14.63,16.66,13.4,15.26
1626787800,16.93,31.31,16.93,27.06
1626874200,32.76,39.8,32.76,38.15
1626960600,35.87,35.87,28.75,30.85
1627047000,34.82,36.74,31.19,36.73
1627306200,40.89,43.35,38.3,41.04
1627392600,34.97,36.8,31.46,35.9
1627479000,40.93,48.87,35.04,45.2
1627565400,53.04,57.27,52.33,53.01
1627651800,51.54,56.49,46.82,47.64
1627911000,54.98,58.51,47.14,47.16
1627997400,47.56,50.22,40.36,50.18
1628083800,45.56,48.33,40.89,40.89
1628170200,44.62,53.43,44.62,53.43
1628256600,56.53,57.73,54.21,56.66
1628515800,53.64,58.04,53.64,55.97
1628602200,56.75,58.5,56.3,57.02
1628688600,57.63,60.49,54.91,60.49
1628775000,58.15,58.18,54.94,57.63
1628861400,56.21,56.21,53.02,53.36
1629120600,45.93,47.71,43.83,46.19
1629207000,37.95,39.69,31.96,37.8
1629293400,35.37,40.96,31.87,31.89
1629379800,25.56,28.59,23.26,25.96
1629466200,23.83,34.73,23.83,33.81
1629725400,39.79,45.71,39.79,44.23
1629811800,48.33,53.88,47.47,52.86
1629898200,51.18,61.6,51.18,56.67
1629984600,56.67,59.37,48.17,48.36
1630071000,53.78,70.33,53.78,68.11
1630330200,70.51,70.51,62.25,62.25
1630416600,65.16,68.84,62.58,66.52
1630503000,68.16,71.27,64.02,67.99
1630589400,72.03,74.28,70.23,71.75
1630675800,72.41,72.41,64.59,66.51
1631021400,66.53,68.16,58.06,58.06
1631107800,56.53,57.05,48.06,50.04
1631194200,48.96,56.67,48.96,48.99
1631280600,51.47,51.47,41.91,41.91
1631539800,46.34,48.5,42.14,45.53
1631626200,47.88,47.88,34.75,35.17
1631712600,34.4,41.48,34.16,41.39
1631799000,40.46,42.29,35.02,39.79
1631885400,38.24,39.29,34.33,39.29
1632144600,21.72,23.8,17.13,21.03
1632231000,24.41,25.96,20.33,23.5
1632317400,27.84,36.05,27.84,31.69
1632403800,37.54,48.89,37.54,46.35
1632490200,42.57,46.61,42.35,44.51
1632749400,52.83,52.84,52.83,52.83
1632835800,49.92,50.03,40.82,40.82
1632922200,42.71,43.63,40.08,40.38
1633008600,43.39,44.24,35.25,35.26
1633095000,38.39,47.55,35.29,44.9
1633354200,41.94,42.47,40.66,41.04
1633440600,41.64,47.48,41.64,45.55
1633527000,39.36,43.91,34.65,43.91
1633613400,50.12,57.33,50.12,53.09
1633699800,54.06,54.92,49.89,49.91
1633959000,51.04,54.71,47.36,47.37
1634045400,49.09,52.46,49.04,51.03
1634131800,52.56,54.72,47.66,54.45
1634218200,61.66,64.67,61.44,63.52
1634304600,69.82,69.82,62.99,63.03
1634563800,60.03,61.36,59.55,59.92
1634650200,61.1,63.7,59.34,62.91
1634736600,62.55,68.24,61.93,66.41
1634823000,67.6,69.66,64.06,66.02
1634909400,64.63,65.45,61.2,62.13
1635168600,63.98,66.67,62.27,65.47
1635255000,66.19,66.19,60.62,60.76
1635341400,57.6,57.6,46.24,46.25
1635427800,49.51,56.54,49.51,56.54
1635514200,54.44,55.78,51.48,53.75
1635773400,56.52,68.28,56.52,68.12
1635859800,65.38,65.38,61.32,65.23
1635946200,62.16,72.27,62.16,71.4
1636032600,71.81,71.96,64.39,66.26
1636119000,68.89,71.18,66.95,68.68
1636381800,70.81,72.09,69.07,69.72
1636468200,68.94,68.94,64.21,66.08
1636554600,64.41,65.21,57,58.5
1636641000,59.91,61.82,59.53,60.49
1636727400,60.72,60.77,58.23,60.43
1636986600,60.87,60.87,57.5,58.63
1637073000,55.17,57.02,54.5,55.12
1637159400,51.96,51.96,46.26,48.14
1637245800,48.21,48.21,40.24,42.86
1637332200,37.88,39.01,36.46,36.53
1637591400,38.3,43.07,37.08,37.08
1637677800,36.92,38.81,33.51,37.57
1637764200,31.12,36.79,31.12,36.58
1637937000,19.54,19.54,14.19,16.77
1638196200,20.17,20.53,15.95,17.82
1638282600,14.54,15.69,10.4,11.4
1638369000,14.58,18.64,8.96,8.98
1638455400,9.61,15.68,9.61,14.87
1638541800,16.83,16.83,10.22,12.14
1638801000,15.12,23.32,15.12,19.82
1638887400,28.45,35.2,28.45,31.22
1638973800,33.73,40.17,33.73,39.03
1639060200,35.4,36.52,29.61,29.62
1639146600,37.24,37.24,28.52,31.75
1639405800,30.54,30.54,24.56,25.41
1639492200,23.97,28.63,21.8,22.24
1639578600,24.33,31.81,19.38,31.81
1639665000,38.45,41.16,27.2,29.4
1639751400,27.67,35.02,24.86,32.35
1640010600,22.4,25.25,19.47,25.22
1640097000,33.13,43.04,33.13,42.76
1640183400,45.62,51.78,43.82,51.78
1640269800,58.47,64,57.47,62.72
1640615400,64.81,68.51,60.55,68.42
1640701800,69.78,72.71,66.08,66.1
1640788200,65.31,66.18,63.33,64.37
1640874600,65.88,71.76,65.88,65.9
1640961000,68.07,69.07,64.07,65.99
1641220200,70.1,74.38,68.32,73.91
1641306600,76.47,76.47,66.65,68.6
1641393000,69.02,69.71,52.75,52.81
1641479400,54.54,56.6,48.37,53.08
1641565800,52.24,54.99,49.57,49.62
1641825000,44.08,46.19,39.67,46.15
1641911400,45.98,51.85,42.97,51.71
1641997800,54.82,55,47.08,49.92
1642084200,50.79,53.68,47.24,47.24
1642170600,39.9,45.13,39.6,45.11
1642516200,38.71,38.71,34.95,34.97
1642602600,34.45,34.45,28.94,28.94
1642689000,28.93,33.96,22.09,22.16
1642775400,17.35,22.31,14.77,14.82
1643034600,8.72,16.59,7.69,16.4
1643121000,9.28,19.53,8.18,17.57
1643207400,19.47,23.57,12.52,14.36
1643293800,16.7,20.25,11.13,12.48
1643380200,10.87,15.82,10.2,15.77
1643639400,14.44,27.18,14.44,27.15
1643725800,29.65,37.73,25.47,37.71
1643812200,37.27,37.27,31.84,35.82
1643898600,29.44,33.9,26.97,27.62
1643985000,26.9,35.84,25.69,33.46
1644244200,36.18,43.52,35.75,39.27
1644330600,42.53,51.32,42.53,51.32
1644417000,62.07,64.33,61.74,63.77
1644503400,57.36,69.38,53.5,54.99
1644589800,59.44,63.92,47.03,50.44
1644849000,52.76,52.76,44.78,46.61
1644935400,58.61,65.55,58.61,65.55
1645021800,64.95,68.02,62.32,67.16
1645108200,57.08,58.05,50.84,51.83
1645194600,48.07,52.15,44.28,45.2
1645540200,39.83,43.6,31.95,34.52
1645626600,40.19,40.19,27.22,27.33
1645713000,14.3,34.36,14.3,33.98
1645799400,36.41,49.06,33.17,48.89
1646058600,47.79,47.79,46.99,47.01
1646145000,47.38,47.38,37.44,38.8
1646231400,41.98,53.69,41.98,51.27
1646317800,54.43,54.43,44.03,47.05
1646404200,39.78,39.78,35.68,39.48
1646663400,37.71,37.71,31.23,31.25
1646749800,31.58,36.44,30.74,31.5
1646836200,39.23,44.75,39.23,43.21
1646922600,38.04,42.28,35.48,42.26
1647009000,46.27,46.27,36.65,36.65
1647264600,37.04,38.5,29.06,30.45
1647351000,31.17,35.73,30.19,34.67
1647437400,44.03,54.18,39.23,54.17
1647523800,53.57,67.45,53.57,67.41
1647610200,65.67,73.13,65.67,73.04
1647869400,76.49,76.49,67.95,69.51
1647955800,75.37,78.59,74.39,77.57
1648042200,73.31,73.31,63.4,63.41
1648128600,66,69.34,64.02,69.32
1648215000,70.4,71.26,67.07,70.45
1648474200,69.05,69.05,62.14,68.79
1648560600,77.77,81.54,75.76,80.77
1648647000,80.93,81.4,70.67,71.16
1648733400,71.98,72.86,64.48,64.49
1648819800,67.91,67.91,63.09,66.88
1649079000,66.8,68.04,65.04,68.01
1649165400,68.16,68.16,53.66,53.67
1649251800,45.14,47.57,41.54,45.33
1649338200,44.16,44.16,36.25,42.08
1649424600,40.07,43.06,38.19,39.06
1649683800,34.26,36.65,31.56,32.21
1649770200,33.81,38.91,30.45,31.45
1649856600,32.28,39.8,32.28,39.12
1649943000,40.04,40.04,35.86,36.23
1650288600,34.32,35.37,32.2,33.11
1650375000,33.62,44.42,33.62,43.21
1650461400,47.96,52.15,47.96,49.17
1650547800,55.33,55.33,36.57,37.14
1650634200,31.87,32.09,22.39,22.41
1650893400,15.79,23.54,13.7,23.45
1650979800,19.82,20.03,14.6,14.7
1651066200,14.37,18.68,14.37,15.95
1651152600,18.38,25.26,14.51,24.34
1651239000,23.33,26.03,15.91,16.17
1651498200,14.54,19.99,13.94,19.95
1651584600,20.6,27.08,20.6,25.59
1651671000,26.88,41.54,24.08,41.54
1651757400,33.15,33.15,21.17,24.79
1651843800,17.1,22.7,17.1,21.18
1652103000,14.27,15.97,11.47,12.02
1652189400,14.83,14.83,7.95,10.66
1652275800,13.62,15.05,8.59,8.59
1652362200,8.48,11.01,7.77,11.01
1652448600,15.17,21.69,15.17,19.97
1652707800,20.16,24.89,20.16,21.93
1652794200,34.46,38.75,31.34,38.75
1652880600,36.41,37.49,23.67,24.95
1652967000,25.13,32.73,25.13,28.25
1653053400,33.8,33.8,21.45,29.29
1653312600,37.17,40.63,33.97,38.37
1653399000,34.12,34.12,25.9,33.49
1653485400,34.28,46.7,34.28,42.6
1653571800,56.84,62.01,56.84,58.67
1653658200,68.24,74.08,68.24,73.99
1654003800,70.62,73.89,69.75,71.11
1654090200,77.78,77.78,61.5,67.59
1654176600,72.68,80.77,72.68,80.74
1654263000,79.82,79.82,75.57,77.17
1654522200,82.57,82.57,76.02,77
1654608600,72.08,81.17,72.08,80.54
1654695000,76.23,79.03,71.53,73.05
1654781400,66.09,66.33,52.71,52.74
1654867800,32.37,36.21,30.35,32.71
1655127000,15.36,16.82,13.6,14.94
1655213400,13.1,15.62,13.1,14.82
1655299800,15.06,22.69,15.06,18.99
1655386200,10.12,11.95,9.85,11.53
1655472600,11.2,15.48,11.2,15.44
1655818200,22.8,22.8,21.21,21.21
1655904600,16.81,24.02,16.81,22.61
1655991000,23.07,29.61,22.4,29.5
1656077400,32.67,40.32,32.67,40.32
1656336600,41.62,43.71,38.22,41.54
1656423000,50.99,50.99,31.93,31.94
1656509400,28.42,30.48,27.13,30.47
1656595800,23.39,32.27,22.09,30.54
1656682200,30.2,39.71,30.19,39.71
1657027800,31.05,44.89,29.15,44.89
1657114200,49.37,49.37,40,43.59
1657200600,51.86,56.94,51.86,56.11
1657287000,54.07,61.88,53.73,57.9
1657546200,56.58,56.58,49.23,49.91
1657632600,54.04,57.13,47.52,50.19
1657719000,42.02,49.34,42.02,47.27
1657805400,34.21,39.91,32.09,39.86
1657891800,42.12,55.64,42.12,55.63
1658151000,63.62,65.36,52.23,52.52
1658237400,62.99,73.71,62.99,73.59
1658323800,75.23,78.91,74.78,77.18
1658410200,74.62,77.09,71.3,77.09
1658496600,77.5,77.5,67.17,69.56
1658755800,70,73.8,70,72.74
1658842200,67.6,68.12,65.39,66.25
1658928600,70.13,77.16,68.48,76.35
1659015000,78.44,78.44,70.59,77.08
1659101400,76.21,76.92,74.82,76.4
1659360600,73.16,77.31,73.16,75.8
1659447000,74.72,78.39,74.72,75.18
1659533400,78.48,79.6,77.53,78.36
1659619800,78.7,78.7,76.53,76.71
1659706200,71.4,77.08,71.4,77.03
1659965400,80.08,81.99,78.16,79.31
1660051800,77.42,77.42,70.74,71.27
1660138200,77.76,79.88,77.76,79.82
1660224600,82.76,84.01,79.63,79.95
1660311000,80.05,83.51,80.05,83.5
1660570200,80.11,82.27,79.69,81.75
1660656600,81.35,81.49,78.6,79.61
1660743000,75.98,75.98,70.7,71.74
1660829400,71.91,74.14,70.93,73.89
1660915800,67.68,67.68,59.5,60.14
1661175000,46.66,46.66,40.81,41.68
1661261400,44.39,45.79,40.25,40.26
1661347800,39.03,45.41,39.03,41.87
1661434200,45.29,53.34,45.29,53.34
1661520600,47.61,47.61,29.65,29.68
1661779800,23.7,28.09,23.7,25.82
1661866200,24.93,24.93,18.33,18.95
1661952600,16.44,19.11,16.44,17.49
1662039000,12.06,14.18,11.33,14.18
1662125400,14.27,17.95,13.45,14.04
1662471000,14.42,14.42,11.98,12.34
1662557400,9.64,17.98,9.64,17.78
1662643800,18.21,24.12,18.21,24.12
1662730200,32.59,37.84,32.59,36.96
1662989400,46.33,49.43,45.71,49.09
1663075800,34.81,34.81,24.07,24.25
1663162200,26.96,31.36,25.77,29.28
1663248600,33.38,35.05,26.35,27.96
1663335000,20.65,22.87,17.21,22.87
1663594200,19.75,27.23,19.75,27.22
1663680600,22.23,23.16,19.17,21.72
1663767000,22.95,26.74,17.22,17.38
1663853400,16.11,16.11,11,12.22
1663939800,6.66,7.33,5.77,7.31
1664199000,7.48,9.25,6.33,6.5
1664285400,7.84,9.5,6.47,7.21
1664371800,6.87,17.06,6.87,15.17
1664458200,9.65,10.98,8.29,10.55
1664544600,9.61,17.71,9.61,10.5
1664803800,14.86,22.5,14.86,21.05
1664890200,40.69,47.7,40.69,47.7
1664976600,40.85,47.07,35.21,44.78
1665063000,47.52,49.17,41.38,42.89
1665149400,37.55,37.55,25.96,27.11
1665408600,29.68,30.56,25.39,27.81
1665495000,26.07,35.89,23.36,28.97
1665581400,26.53,32.13,26.34,29.05
1665667800,18.07,48,18.07,46.25
1665754200,51.16,51.16,34.9,34.9
1666013400,50.31,57.7,50.31,55.77
1666099800,70.47,70.47,61.48,64.14
1666186200,61.49,61.49,49.96,53.02
1666272600,54.93,60.36,45.97,48.21
1666359000,47.76,59.61,47.76,59.61
1666618200,59.32,60.82,55.33,60
1666704600,70.51,75.04,70.51,74.62
1666791000,76.59,81.78,75.01,75.01
1666877400,76.15,78.85,72.67,72.84
1666963800,73.16,77.61,70.73,77.61
1667223000,76.68,78.2,75.76,75.76
1667309400,83.66,83.66,78.04,78.1
1667395800,76.3,78.97,63.55,63.55
1667482200,55.95,62.7,54.4,60.25
1667568600,67.17,67.35,60.39,65.73
1667831400,68.05,68.05,63.81,66.49
1667917800,67.21,70.55,62.82,66.47
1668004200,61.13,61.64,52.96,53.03
1668090600,69.74,74.72,69.74,74.67
1668177000,76.57,78.18,75.74,77.01
1668436200,75.8,77.05,72.06,72.06
1668522600,78.09,78.33,75.12,75.17
1668609000,72.71,72.71,67.67,68.28
1668695400,58.34,63.41,58.15,63.41
1668781800,66.78,66.78,62.17,64.24
1669041000,60.1,60.98,57.33,60.17
1669127400,62.18,65.71,61.22,65.57
1669213800,64.73,67.25,63.64,66.74
1669386600,65.32,68.52,65.32,67.2
1669645800,63.93,63.93,51.99,53.18
1669732200,53.76,58.6,53.76,54.8
1669818600,57.05,71.44,49.76,71.44
1669905000,74.11,74.11,68.64,69.7
1669991400,60.84,70.84,60.84,70.11
1670250600,63.9,63.9,49.09,49.81
1670337000,47.43,47.43,36.1,39.83
1670423400,37.34,41.65,36.61,36.72
1670509800,36.18,43.61,36.18,39.52
1670596200,36.53,40.19,33.67,33.68
1670855400,33.92,41.74,33.48,41.74
1670941800,64.99,64.99,44.92,47.63
1671028200,48.83,52.83,42.99,44.25
1671114600,33.68,33.68,27.37,27.82
1671201000,22.13,24.58,20.01,24.34
1671460200,22.19,22.19,16.74,17.57
1671546600,16.83,22.78,16.77,21.64
1671633000,24.73,33.38,24.73,31.5
1671719400,26.13,26.13,18.99,25.31
1671805800,23.54,30.59,23.54,30.59
1672151400,30.03,32.2,28.46,30.21
1672237800,31.2,31.2,21.92,21.95
1672324200,24.86,39.07,24.86,38.93
1672410600,35.35,38.98,32.63,38.32
1672756200,49.92,49.92,34.78,40.96
1672842600,52.53,58.45,48.81,54.52
1672929000,47.68,51,46.18,48.06
1673015400,56.79,67.02,52.53,66.67
1673274600,71.99,75.15,68.02,68.04
1673361000,69.59,74.64,68.4,74.64
1673447400,78.37,81.63,78.37,81.61
1673533800,83.65,85.94,83.54,85.94
1673620200,84.66,87.58,84.66,87.58
1673965800,87.58,88.11,85.7,85.7
1674052200,86.54,86.61,75.44,75.51
1674138600,70.12,72.44,67.48,70.33
1674225000,70.3,77.18,70.3,77.18
1674484200,77.97,81.53,77.97,79.75
1674570600,77.64,79.55,77.53,78.17
1674657000,72.54,78.06,71.13,78.05
1674743400,78.13,79.06,76.07,79.05
1674829800,77.24,79.2,75.65,77.5
1675089000,73.61,77.03,68.88,68.89
1675175400,70.69,78.68,70.69,78.68
1675261800,78.23,82.32,73.51,80.25
1675348200,82.7,82.7,78.46,80.36
1675434600,78.42,78.94,75.3,75.3
1675693800,72.49,72.49,68.17,69.11
1675780200,65.53,71.32,62.18,70.85
1675866600,67.17,67.76,60.04,60.09
1675953000,64.93,64.93,47.62,48.49
1676039400,43.12,47.83,43.12,47.59
1676298600,46.14,56.63,46.14,56.39
1676385000,52.83,59.66,46.08,53.86
1676471400,46.64,58.9,45.62,58.9
1676557800,46.25,55.87,46.25,48.37
1676644200,41.09,48.38,41.09,48.33
1676989800,39.65,39.65,28.06,28.08
1677076200,28.98,31.83,27.48,28.66
1677162600,32.8,34.79,26.82,32.72
1677249000,23.18,27.09,22.85,27.04
1677508200,30.32,34.38,27.46,28.04
1677594600,27.84,32.19,27.84,28.34
1677681000,30.83,30.83,27.14,29.34
1677767400,25.55,33.86,25.55,33.81
1677853800,36.68,44.62,35.25,43.66
1678113000,45.29,45.29,36.03,37.11
1678199400,37.37,37.37,29.55,30.1
1678285800,32.21,33.39,28.71,32.49
1678372200,33.94,34.51,20.79,20.79
1678458600,17.83,18.4,11.16,11.99
1678714200,12.47,14.21,12.19,12.24
1678800600,17.12,21.39,17.11,19.11
1678887000,13.83,15.79,12.49,15.79
1678973400,14.72,22.03,14.72,21.82
1679059800,21.18,21.18,16.78,17.34
1679319000,19.38,21.13,18.53,20.41
1679405400,26.58,27.02,24.32,26.35
1679491800,25.82,28.66,18.54,18.59
1679578200,24.33,27.91,19.07,20.45
1679664600,18.45,24.12,17.87,24.11
1679923800,29.51,31.2,26.42,29.21
1680010200,29.35,32.92,29.35,31.54
1680096600,39.68,43.32,38.89,43.31
1680183000,53.3,54.21,46.13,48.5
1680269400,58.34,64.49,58.34,64.46
1680528600,68.54,69.69,61.67,66.25
1680615000,66.25,66.25,54.41,56.72
1680701400,55.66,55.66,47.4,50.63
1680787800,51.65,54.37,50.23,53.26
1681133400,51.44,60.46,51.44,60.46
1681219800,65.44,68.31,63.93,65.72
1681306200,68.67,68.81,59.28,59.28
1681392600,68.67,68.81,59.28,66.8
1681479000,69.73,72.05,58.73,61.34
1681738200,62.11,66.95,61.97,66.89
1681824600,67.43,67.43,60.09,62.17
1681911000,57.8,63.56,57.2,61.85
1681997400,56.05,58.35,51.47,53.57
1682083800,52.16,52.16,47.6,51.08
1682343000,49,51.87,46.19,48.46
1682429400,41.72,41.72,31.81,31.86
1682515800,29.64,31.39,25.6,26.02
1682602200,29.75,36.27,27.82,36.22
1682688600,36.1,44.78,36.1,44.13
1682947800,45.32,49.56,43.62,44.56
1683034200,31.07,33.69,27.28,33.06
1683120600,39.11,42.21,34.25,34.25
1683207000,33.55,33.55,28.59,31.52
1683293400,38.89,43.61,38.89,43.4
1683552600,45.16,45.16,42.11,43.59
1683639000,39.94,43.84,38.8,42.76
1683725400,49.14,49.14,40.87,44.81
1683811800,41.74,41.78,39.64,41.35
1683898200,44.33,44.46,37.13,40.24
1684157400,42.63,48.81,41.98,46.87
1684243800,43.92,43.92,38.05,38.06
1684330200,41.63,51.75,40.16,51.75
1684416600,50.02,54.8,48.79,54.08
1684503000,60.62,60.62,51.59,52.35
1684762200,56.33,61.2,55.74,58.91
1684848600,58.47,63.47,56.1,56.11
1684935000,52.18,52.18,45.44,47.23
1685021400,45.62,45.62,38.99,41.63
1685107800,43.94,47.91,43.59,47.34
1685453400,49.72,49.72,44.2,45.73
1685539800,43.17,43.17,35.12,39.22
1685626200,38.14,48.53,37.38,46.6
1685712600,56.85,67.67,56.85,67.65
1685971800,66.26,66.37,61.4,62.92
1686058200,62.51,73.38,62.51,73.1
1686144600,77.97,78.1,76.68,77.56
1686231000,78.6,78.6,74.81,75.94
1686317400,76.34,76.43,71.85,71.89
1686576600,71.68,74.49,71.68,73.43
1686663000,78.65,79.6,76.76,76.76
1686749400,78.95,78.95,70.92,71.77
1686835800,73.32,76.05,71.49,75.76
1686922200,78.37,78.37,71.66,72.82
1687267800,68.89,68.89,64.23,66.78
1687354200,63.55,67.11,61.6,63.12
1687440600,58.43,58.43,53.76,55.35
1687527000,44.85,49.13,42.74,44.56
1687786200,42.98,48.98,42.98,44.46
1687872600,45.07,53.16,45.07,51.15
1687959000,46.99,49.74,46.65,49.65
1688045400,48.75,56.14,48.75,56.11
1688131800,61.09,61.09,57.23,58.08
1688391000,61.41,63.37,61.36,63.34
1688563800,55.58,56.15,52.49,52.49
1688650200,41.6,41.6,32.58,39.91
1688736600,44.46,53.15,44.46,48.91
1688995800,49.98,58.66,49.98,57.26
1689082200,62.2,64.78,59.27,64.45
1689168600,74.7,74.7,70.26,70.29
1689255000,74.34,76.08,74.34,75.14
1689341400,74.01,74.01,67.63,68.22
1689600600,68.36,74.31,68.36,72.52
1689687000,77.7,77.98,73.9,75.91
1689773400,79.21,79.96,76.01,76.84
1689859800,76.22,76.22,72.83,73.18
1689946200,76.33,76.33,71.06,71.07
1690205400,73.5,73.5,69,69.62
1690291800,69.03,69.8,67.5,67.5
1690378200,69.44,69.81,66.39,68.58
1690464600,70.17,70.17,56.44,57.14
1690551000,64.13,65.17,62.34,64.21
1690810200,68.12,69.32,67.76,69.29
1690896600,65.96,65.96,62.33,64.84
1690983000,54.93,54.93,49.87,52.23
1691069400,45.93,51.02,45.84,48.68
1691155800,48.19,53.33,46.09,46.09
1691415000,47.37,47.76,44.12,47.52
1691501400,37.97,42.95,37.26,42.92
1691587800,42.14,42.61,38.72,39.7
1691674200,43.03,45.59,37.53,38.4
1691760600,35.69,38.77,35.69,38.51
1692019800,31.97,35.5,31.45,34.52
1692106200,30.15,30.27,27.84,28.14
1692192600,29.74,29.74,23.53,23.58
1692279000,25.6,25.6,19.81,19.81
1692365400,18.56,22.79,18.56,22.3
1692624600,21.94,22.7,19.82,21.9
1692711000,23.69,23.69,20.47,20.49
1692797400,22.31,27.68,22.31,26.83
1692883800,29.43,29.43,21.13,21.18
1692970200,23.55,26.93,19.04,24.56
1693229400,32.92,35.12,31.32,32.3
1693315800,35.51,45.94,35.51,45.77
1693402200,48.38,52.75,48.25,50.69
1693488600,53.31,54.68,47.74,47.8
1693575000,59.38,59.76,55.93,56.1
1693920600,47.95,47.95,41.24,41.27
1694007000,44.11,44.11,35.37,37.72
1694093400,34.32,35.28,31.84,34.28
1694179800,34.5,37.39,34.12,35.11
1694439000,42.5,42.5,37.9,37.94
1694525400,41.61,43.1,38.82,39.03
1694611800,38.97,39.11,35.22,35.46
1694698200,43.47,47.92,42.11,47.91
1694784600,46.22,46.22,39.54,41.4
1695043800,37.35,39.98,36.54,36.54
1695130200,37.84,37.84,32.55,33.96
1695216600,39.59,41.21,30.68,30.68
1695303000,23.32,26.54,23.21,23.25
1695389400,24.59,25.37,22.31,22.31
1695648600,19.42,24.01,19.42,23.34
1695735000,22.18,22.18,17.25,17.27
1695821400,20,23.17,19.29,21.58
1695907800,23.41,30.54,23.41,27.59
1695994200,32.7,33.54,25.02,26.4
1696253400,24.35,24.35,19.53,21.57
1696339800,16.09,16.44,14.11,14.82
1696426200,14.98,19.14,14.04,18.59
1696512600,18.4,22.9,17.66,21.78
1696599000,19.55,32.46,19.44,29.2
1696858200,26.89,35.96,26.88,33.98
1696944600,39.73,48.79,39.73,43.3
1697031000,51.48,51.48,39.77,44.42
1697117400,40.38,40.38,29.88,34.31
1697203800,37.96,37.96,29.57,30.19
1697463000,36.68,45.1,36.68,43.39
1697549400,49.2,59.47,49.2,53.63
1697635800,44.42,44.53,36.39,36.41
1697722200,35.78,38.81,28.18,28.24
1697808600,27.38,27.38,21.58,21.6
1698067800,17.34,24.2,17.34,18.42
1698154200,23.67,26.95,22.01,24.13
1698240600,21.54,23.77,20.01,20.01
1698327000,22.05,26.15,21.12,24.17
1698413400,22.78,22.84,18.12,18.72
1698672600,24.9,25.94,20.59,25.38
1698759000,26.14,30.78,25.48,30.78
1698845400,28.03,35.27,28.03,35.13
1698931800,47.66,55.33,47.5,55.32
1699018200,70.72,72.91,69.39,70.26
1699281000,69.3,69.3,63.69,64.49
1699367400,61.88,65.94,61.88,63.52
1699453800,65.25,65.52,58.05,59.68
1699540200,62.18,62.18,51.38,51.85
1699626600,53.57,57.41,50.27,56.83
1699885800,54.17,58.58,53.57,56.97
1699972200,73.36,76.39,73.36,75.98
1700058600,80.15,82.07,77.89,77.89
1700145000,76.9,76.9,72.13,72.51
1700231400,76.04,76.86,74.94,76.52
1700490600,78.38,79.14,77.94,78.12
1700577000,75.63,75.94,73.8,73.8
1700663400,77.31,77.31,74.77,75.91
1700836200,77.84,80.01,77.84,79.28
1701095400,73.88,76.25,73.69,73.69
1701181800,69.67,74.34,69.67,70.66
1701268200,76.42,76.42,71.44,71.55
1701354600,69.51,72.53,68.74,69.85
1701441000,69.18,81.6,69.18,81.6
1701700200,82.46,82.46,80.4,82.15
1701786600,78.57,78.84,74.76,74.76
1701873000,77.87,79.42,72.42,72.47
1701959400,70.95,73.92,70.95,73.7
1702045800,70.95,75.41,70.95,74.29
1702305000,72.09,72.09,70.17,71.93
1702391400,66.35,69.19,66.03,67.4
1702477800,66.2,78.76,64.49,78.76
1702564200,84.36,84.36,80.47,81.83
1702650600,80.64,80.72,76.44,77.27
1702909800,79.25,79.77,77.41,77.41
1702996200,81.31,83.28,81.15,83.18
1703082600,81.88,83.39,75.05,75.32
1703169000,79.26,80.88,77.11,80.7
1703255400,83.77,83.77,81.13,82.07
1703601000,82.76,84.92,82.24,84.06
1703687400,84.57,84.85,83.11,83.6
1703773800,83.84,84.68,83.35,83.35
1703860200,82.9,82.9,77.84,78.45
1704205800,76.02,77.69,69.77,72.25
1704292200,59.42,60.39,49.97,50.24
1704378600,49.93,53.41,46.82,46.96
1704465000,50.01,51.59,44.21,44.5
1704724200,39.4,53.94,39.4,53.94
1704810600,41.57,45.76,41.57,44.24
1704897000,42.82,44.63,39.88,43.49
1704983400,37.36,37.36,31.78,37.15
1705069800,43.71,43.71,36.11,37.55
1705415400,30.42,32.54,28.78,30.93
1705501800,24.24,27.01,23.88,26.07
1705588200,26.41,29.33,24.2,29.08
1705674600,27.99,35.17,26.46,35.12
1705933800,41.2,46.5,41.2,46.29
1706020200,52.32,52.32,43.94,44.54
1706106600,50.1,50.7,41.94,42.09
1706193000,52.12,52.12,45.64,51.97
1706279400,58.95,58.95,53.29,54.27
1706538600,52.93,64.7,52.93,64.68
1706625000,60.59,62.95,58.29,58.77
1706711400,58.06,60.84,40.68,40.68
1706797800,47.69,51.73,39.42,51.7
1706884200,41.26,48.84,41.26,46.17
1707143400,37.81,39.32,34.19,37.49
1707229800,42.51,46.16,42.51,46.16
1707316200,42.67,46.24,42.67,44.18
1707402600,44.37,50.75,44.37,50.23
1707489000,51.87,56.13,50.64,56.13
1707748200,62.13,67.26,62.13,64.57
1707834600,44.91,49.06,37.4,40.52
1707921000,47.52,53.25,46.43,52.63
1708007400,59.79,65.76,57.33,65.44
1708093800,60.16,64.23,58.75,58.75
1708439400,53.33,55.83,51.74,51.89
1708525800,51.47,51.47,46.58,49.96
1708612200,52.09,52.88,49.47,51.92
1708698600,51.91,56.07,51.49,52.77
1708957800,54.65,56.86,52.2,54.16
1709044200,59.65,59.66,58.15,58.73
1709130600,56.36,58.98,54.6,54.7
1709217000,63.66,63.66,56.43,58.53
1709303400,55.19,61.44,55.19,60.41
1709562600,62.2,63.14,58.05,58.79
1709649000,57.09,57.17,52.24,52.96
1709735400,56.41,58.19,55.94,56.71
1709821800,62.28,62.28,59.83,60.28
1709908200,67.36,67.36,58.73,59.8
1710163800,59.54,59.54,56.15,57.44
1710250200,55.63,58.11,54.05,56.26
1710336600,60.19,60.53,54.27,55.61
1710423000,52.65,52.65,40.32,43.01
1710509400,44.97,46.25,43.71,46.21
1710768600,45.2,47.7,43.37,43.37
1710855000,44.5,48.88,44.5,47.43
1710941400,47.33,61.75,46.74,61.64
1711027800,67.29,67.93,64.35,65.28
1711114200,64.85,64.85,55.7,56.05
1711373400,60.74,60.74,53.82,53.82
1711459800,57.19,57.19,50.28,50.33
1711546200,57.61,66.02,57.61,65.98
1711632600,69.7,72.05,69.04,69.5
1711978200,67.92,67.92,61.97,62.47
1712064600,51.12,51.25,45.94,48.45
1712151000,46.2,51.79,46.2,50.01
1712237400,59.93,59.93,42.46,43.82
1712323800,43.47,48.51,41.6,46.05
1712583000,49.36,54.66,49.36,51.49
1712669400,56.49,56.49,51.03,55.86
1712755800,35.07,38.83,31.97,34.77
1712842200,36.47,38.88,30.97,37.03
1712928600,33.73,33.73,21.68,23.25
1713187800,26.71,26.71,15.58,16.19
1713274200,12.4,16.12,12.29,15.06
1713360600,16.8,17.38,13.06,13.34
1713447000,13.06,17.34,13.06,14.51
1713533400,16.11,20.84,16.11,20.83
1713792600,20.02,30,20.02,26.38
1713879000,34.53,39.73,34.53,37.66
1713965400,38.56,38.56,33.28,36.88
1714051800,28.23,35.5,28.23,34.33
1714138200,43.35,44.4,41.3,42.53
1714397400,48.71,50.45,46.86,48.29
1714483800,44.29,44.29,35.68,35.68
1714570200,39.76,53.04,38.81,42.1
1714656600,48.05,54.59,45.59,53.58
1714743000,66.67,66.67,59.97,60.72
1715002200,68.67,69.37,67.6,67.88
1715088600,70.65,71.94,68.34,68.34
1715175000,66.05,66.99,65.43,66.96
1715261400,67.69,72.05,67.69,71.98
1715347800,72.52,72.52,66.53,67.54
1715607000,71.62,73.41,67.8,67.84
1715693400,71.29,71.31,68.85,71.15
1715779800,74.55,74.55,71.67,72.56
1715866200,70.87,71.6,70.03,70.16
1715952600,69.69,70.47,68.78,69.09
1716211800,68.04,69.77,66.96,66.97
1716298200,65.97,65.97,63.4,64.1
1716384600,62.37,63.05,56.24,58.07
1716471000,53.58,53.58,40.74,42.11
1716557400,45.78,46.99,45.27,46.99
1716903000,47.88,47.88,41.43,43.09
1716989400,33.71,34.77,32.37,32.39
1717075800,34.16,39.06,34.16,37.5
1717162200,42.37,44.03,36.73,43.97
1717421400,43.56,44.12,36.31,40.61
1717507800,35.35,36.64,32.45,33.09
1717594200,32.74,39.09,32.74,39.08
1717680600,38.55,39.42,35.11,36.23
1717767000,32.21,34.66,30.16,30.25
1718026200,26.79,32.24,26.79,31.47
1718112600,26.27,30.15,25.92,30.15
1718199000,47.46,47.98,37.11,38.59
1718285400,36.89,36.89,30.19,33.19
1718371800,25.63,26.48,24.83,26.09
1718631000,24.88,30.26,24.11,30.26
1718717400,33.06,34.58,30.8,31.6
1718890200,32.56,35.16,32.31,33.41
1718976600,32.46,35.06,32.46,35.06
1719235800,39.69,47.02,39.69,42.65
1719322200,40.26,40.26,35.24,36.16
1719408600,32.06,37.39,31.65,36.81
1719495000,39.36,42.67,38.1,42.67
1719581400,49.28,49.28,43.25,47.59
1719840600,51.68,51.68,40.71,41.34
1719927000,44,45.71,42.52,44.97
1720013400,48.47,51.75,48.24,48.42
1720186200,45.16,45.16,42.74,44.95
1720445400,51.56,52.85,48.16,50.33
1720531800,48.2,51.65,45.24,47.54
1720618200,50.86,56.28,49.9,56.06
1720704600,68.08,74.99,68.08,74.79
1720791000,80.2,82.23,79.91,80.86
1721050200,82.15,83.65,80.84,80.88
1721136600,84.5,87.04,84.5,86.96
1721223000,87,87,83.38,83.64
1721309400,83.99,84.86,75.75,76.01
1721395800,74.99,74.99,71.43,71.69
1721655000,74.37,77.13,70.88,77.13
1721741400,74.98,76.92,74.98,75.98
1721827800,70.97,72.23,64.26,64.26
1721914200,64.94,71.37,64.94,66.77
1722000600,71.39,72.01,69.13,71.81
1722259800,72.48,72.48,67.17,67.57
1722346200,68.21,68.21,63.81,65.15
1722432600,66.27,72.51,65.25,67.38
1722519000,66.78,66.78,46.92,50.49
1722605400,28.24,32,26.48,30.98
1722864600,14.04,19.33,14.04,16.53
1722951000,18.59,23.92,18.59,20.66
1723037400,24.39,24.67,17.65,17.69
1723123800,22.82,26.88,22.82,26.8
1723210200,25.95,28.11,25.21,27.8
1723469400,26.31,26.48,24.65,25.07
1723555800,29.05,32.52,28.31,32.48
1723642200,35.5,35.5,32.83,34.12
1723728600,45.41,48.61,42.22,46.94
1723815000,48.43,50.88,47.42,50.16
1724074200,57.39,59.71,56.66,59.71
1724160600,60.25,60.25,52.09,52.77
1724247000,58.56,63.09,57.06,63.09
1724333400,66.64,66.64,58.47,58.54
1724419800,67.3,77.89,67.3,76.66
1724679000,81.13,81.6,78.1,78.1
1724765400,77.44,78.39,75.07,76.02
1724851800,76.63,77.23,70.52,73.3
1724938200,76.81,81,76.81,77.87
1725024600,80.32,80.32,74.16,79.04
1725370200,70.12,70.12,56.4,57.45
1725456600,53.31,60.57,52.49,54.11
1725543000,50.48,52.6,46.23,48.12
1725629400,38.49,38.49,32.59,32.91
1725888600,34.19,40.94,34.19,36.22
1725975000,33.5,36.71,29.41,36.3
1726061400,28.84,35.89,24.24,35.77
1726147800,37.82,43.66,34.28,42.33
1726234200,50.72,58.48,50.72,58.41
1726493400,61.77,62.23,58.02,61.5
1726579800,67.59,70.78,64.57,65.25
1726666200,66.81,74.41,62.46,62.65
1726752600,73.03,75.76,72.36,73.49
1726839000,69.96,69.96,65.46,65.54
1727098200,68.64,68.64,63.15,63.97
1727184600,68.14,68.14,64.42,64.69
1727271000,63.91,63.91,56.45,56.45
1727357400,64.78,64.78,61.86,62.44
1727443800,68.71,71.34,65.07,66.72
1727703000,64.14,68.5,61.42,68.27
1727789400,61.8,61.8,54.2,56.3
1727875800,53.95,56.96,53.53,54
1727962200,48.47,49.81,45.75,47.49
1728048600,55.01,56.14,50.13,56.14
1728307800,49.28,49.74,43.47,46.51
1728394200,43.44,45.32,41.56,43.57
1728480600,43.15,49.05,42.66,44.98
1728567000,37.62,41.67,37.62,41.66
1728653400,48.21,56.35,48.21,56.3
1728912600,53.04,59.51,53.04,58.67
1728999000,57.9,64.27,57.83,57.83
1729085400,63.53,68.3,63.53,68.18
1729171800,67.8,67.8,64.17,66.6
1729258200,68.05,68.05,65.3,67.63
1729517400,66.5,66.75,54.83,54.89
1729603800,51.62,52.97,49.47,52.74
1729690200,50.35,50.44,41.11,46.36
1729776600,48.19,48.51,43.45,47.02
1729863000,50.57,53.08,42.89,42.89
1730122200,50.7,56.24,50.7,53.85
1730208600,48.53,52.14,48.53,51.5
1730295000,50.88,57.06,49.57,49.57
1730381400,47.42,47.42,37.06,37.11
1730467800,42.55,45.31,38.32,39.33
1730730600,36.59,43.95,36.59,40.05
1730817000,44.47,52.8,44.47,52.7
1730903400,67.9,67.9,64.19,67.52
1730989800,69.99,70.49,67.49,67.5
1731076200,65,66.21,64.42,65.64
1731335400,68.3,68.3,66.41,66.97
1731421800,65.64,65.64,60.95,61.47
1731508200,63.13,63.13,58.49,58.49
1731594600,59.1,59.1,54.69,55.01
1731681000,54.3,54.3,49.44,49.83
1731940200,50.87,52.15,49.46,50.14
1732026600,46.45,51.35,45.74,51.3
1732113000,48.97,51.41,47.66,51.41
1732199400,52.39,58.98,52.39,58.63
1732285800,63.35,65.81,63.17,65.43
1732545000,72.31,74.09,71.48,71.48
1732631400,67.09,67.09,67.09,67.09
1732717800,72.47,72.47,69.91,70.03
1732890600,73.36,73.37,72.09,72.09
1733149800,68.23,72.85,67.59,71.76
1733236200,68.78,68.78,61.78,62.55
1733322600,61.06,61.35,56.76,61.19
1733409000,60.76,61.54,53.55,53.56
1733495400,58.07,58.07,51.56,53.62
1733754600,60.64,60.89,52.79,52.79
1733841000,47.94,55.17,47.04,49.96
1733927400,54.05,56.33,50.16,52.51
1734013800,50.9,51.53,44.19,44.2
1734100200,41.11,41.11,35.3,38.65
1734359400,36.64,41.22,36.64,38.39
1734445800,36.73,36.73,30.85,32.22
1734532200,32.96,33.5,15.24,15.24
1734618600,17.11,17.11,14.37,15.15
1734705000,14.42,19.8,14.42,18.75
1734964200,17.9,19.43,16.18,19.41
1735050600,19.64,24.82,19.63,24.8
1735223400,27.24,29.25,27.24,29.2
1735309800,26.59,26.59,20.93,24.31
1735569000,18.84,23.48,17.62,22.03
1735655400,24.28,27.14,22.12,23.8
1735828200,28.59,32.97,26.04,29.32
1735914600,34.17,38.57,31.97,38.32
1736173800,43.97,47.36,40.15,40.24
1736260200,46.89,46.89,35.66,38.11
1736346600,33.23,36.1,29.99,35.83
1736519400,29.08,29.65,25.57,26.82
1736778600,22.76,28.35,22.76,28.28
1736865000,35.28,37.32,30.66,36.78
1736951400,53.71,54.33,48.1,51.57
1737037800,55.58,57.18,53.01,56.29
1737124200,64.42,64.42,60.32,62.2
1737469800,67.09,70.43,66.86,69.35
1737556200,67.46,67.83,62.94,62.94
1737642600,61.95,65.55,60.76,65.48
1737729000,66.46,69.11,64.46,66.41
1737988200,65.24,68.69,61.65,63.89
1738074600,62.77,64.04,60.2,62.65
1738161000,62.37,64.35,56.57,60.49
1738247400,67.46,68.19,65.52,66.12
1738333800,66.36,68.82,57.95,60.34
1738593000,41.04,52.93,41.04,49.04
1738679400,50.15,58.57,50.15,58.38
1738765800,60.86,63.43,58.86,63.43
1738852200,64.73,64.73,59.01,61.23
1738938600,60.3,60.3,52.12,52.95
1739197800,52.15,54.46,51.46,52.23
1739284200,48.16,51.66,48.16,50.5
1739370600,41.96,46.1,41.42,43.69
1739457000,45.55,51.41,45.29,51.36
1739543400,53.58,55.48,49.57,50.25
1739889000,51.12,54.85,51.12,53.37
1739975400,48.56,51.02,48.46,50.34
1740061800,48.95,48.95,42.07,44.77
1740148200,46.19,46.19,33.62,33.69
1740407400,31.78,34.56,30.56,30.56
1740493800,32.83,33.14,28.91,30.82
1740580200,32.56,35.87,29.95,31.48
1740666600,31.74,33.06,27.41,27.41
1740753000,27.49,32.62,25.87,32.62
1741012200,35.63,35.63,23.93,24.54
1741098600,20.22,23.37,18.44,20.27
1741185000,22.69,25.98,22.51,25.61
1741271400,23.16,25.52,21.29,23.59
1741357800,24.35,29.64,22.39,28.48
1741613400,26.67,27.12,20.02,21.46
1741699800,22.19,22.19,16.91,19.91
1741786200,18.85,20.94,16.53,19.32
1741872600,21.3,21.3,16.38,16.94
1741959000,22.35,26.32,21.99,26.18
1742218200,30.67,36.37,30.52,35.26
1742304600,33.3,33.97,31.7,33.21
1742391000,37.23,45.45,36.19,42.43
1742477400,39.97,47.26,39.97,40.9
1742563800,33.8,38.63,33.8,37.61
1742823000,52.33,55.19,50.01,55.12
1742909400,58.69,58.69,50.6,50.83
1742995800,56.98,56.98,46.25,48.39
1743082200,44.76,52.28,44.76,48.91
1743168600,48.96,48.96,31.61,34.14
1743427800,26.96,36.56,26.96,33.96
1743514200,29.26,39.39,28.35,36.46
1743600600,34.51,46.86,34.51,46.41
1743687000,23.17,23.17,18.93,19.2
1743773400,10.8,10.99,6.33,7.06
1744032600,2.79,5.86,2.79,4.91
1744119000,8.8,8.93,3.62,3.78
1744205400,4.35,18.7,4.04,17.89
1744291800,11.16,12.01,7.27,10.83
1744378200,10.82,17.7,10.38,17.58
1744637400,22.01,25.09,18.72,23.5
1744723800,25.76,27.92,23.31,24.27
1744810200,23.89,26.36,19.52,22.28
1744896600,25.11,30.47,24.05,28.32
1745242200,25.04,25.28,19.18,22.5
1745328600,30.92,40.19,30.53,39.53
1745415000,68.84,68.84,50.35,52.23
1745501400,56.78,69.96,56.78,69.79
1745587800,67.47,71.34,65.74,71.29
1745847000,77.41,77.41,69.39,75.83
1745933400,77.14,81.21,75.16,79.74
1746019800,69.91,78.19,69.91,77.85
1746106200,80.44,82.64,78.01,78.91
1746192600,84.8,86.26,83.65,85.68
1746451800,83.13,83.43,80.16,80.19
1746538200,76.89,77.49,72.84,73.37
1746624600,72.36,73.25,68.48,70.32
1746711000,72.15,77.5,71.12,75.09
1746797400,75.46,75.46,72.26,72.73
1747056600,80.27,80.53,77.49,78.52
1747143000,78.2,78.2,76.82,76.82
1747229400,75.55,75.55,71.97,71.97
1747315800,71.5,75.01,71.22,74.95
1747402200,75.72,77.97,75.55,77.27
1747661400,73.34,76.33,72.66,76.33
1747747800,75.12,77.37,75.12,75.69
1747834200,70.28,70.28,56.64,56.68
1747920600,50.76,57.22,50.31,53.42
1748007000,43.56,49.95,43.56,48.24
1748352600,55.69,64.52,54.3,64.4
1748439000,63.26,63.26,53.8,53.84
1748525400,56.78,57.98,51.14,57.98
1748611800,49.61,54.58,46.6,52.24
1748871000,42.52,50.08,42.52,50.06
1748957400,48.7,61.19,46.94,59.34
1749043800,60.4,60.4,54.75,54.78
1749130200,53.46,57.01,50.25,52.05
1749216600,62.51,62.59,58.78,62.18
1749475800,64.78,69.31,63.03,64.35
1749562200,68.25,70.78,68.12,69.68
1749648600,72.13,72.7,65.36,65.8
1749735000,59.82,64.51,59.82,63.67
1749821400,54.14,54.14,43.72,44.12
1750080600,53.4,57.91,52.68,53.46
1750167000,48.75,50.7,42.82,42.84
1750253400,45.58,51.58,45.58,46.83
1750426200,51.56,51.56,42.94,44.3
1750685400,42.79,53.57,38.54,53.57
1750771800,56.91,63.41,56.91,61.87
1750858200,57.8,57.8,52.93,52.93
1750944600,55.54,62.3,55.54,62.28
1751031000,61.9,66.53,57.4,61.58
1751290200,61.79,63.98,60.68,63.02
1751376600,60.34,73.59,60.34,68.76
1751463000,67.37,73.22,67.37,73.16
1751549400,75.23,76.71,75.23,76.66
1751895000,72.97,75.31,66.29,68.46
1751981400,69.77,73.15,69.77,71.79
1752067800,73.56,74.07,71.68,74.07
1752154200,73.52,76.78,72.78,75.09
1752240600,70.95,71.12,68.05,68.1
1752499800,67.68,69.44,67.27,68.45
1752586200,66.3,66.3,53.46,53.46
1752672600,57.58,59.42,49.83,58.38
1752759000,60.24,64.25,60.24,62.73
1752845400,64.71,64.71,57.3,57.84
1753104600,61.03,62.79,55.7,55.77
1753191000,57.72,66.22,57.72,63.96
1753277400,68.15,71.59,66.64,71.58
1753363800,66.91,67.26,60.89,60.92
1753450200,60,60.91,58.6,60.56
1753709400,60.16,60.16,54.72,55.11
1753795800,55.22,55.22,46.64,47.68
1753882200,48.35,48.65,36.13,38.44
1753968600,38.26,38.62,32.23,32.76
1754055000,26.02,26.53,23.45,25.02
1754314200,28.83,35,28.83,35
1754400600,37.09,38.61,33.74,37.73
1754487000,38.81,39.03,37.42,38.16
1754573400,44.62,44.62,36.73,37.92
1754659800,40.89,41.84,39.39,39.5
1754919000,42.74,42.74,38.55,39.42
1755005400,42.99,53.17,42.99,53.16
1755091800,56.68,62.16,56.68,62.15
1755178200,57.22,57.29,53.16,56.78
1755264600,57.97,57.97,52.1,52.17
1755523800,52.6,55.38,52.6,55.13
1755610200,57.41,59.71,53.19,53.6
1755696600,56.85,56.85,52.11,54.55
1755783000,52.14,57.22,52.14,56.17
1755869400,63.84,74.85,63.84,74.76
1756128600,73.59,73.7,69.62,69.67
1756215000,71.05,73.21,70.77,71.78
1756301400,72.98,74.77,72.98,74.06
1756387800,74.89,74.89,71.6,72.96
1756474200,72.81,73.56,69.71,71
1756819800,60.83,63.78,58.31,62.54
1756906200,62.65,62.65,56.95,59.92
1756992600,57.69,64.63,57.67,64.62
1757079000,71.23,71.23,61.7,65.4
1757338200,62.28,64,59.39,63.94
1757424600,60.7,60.7,56.58,57.52
1757511000,57.99,59.04,51.17,53.65
1757597400,56.89,68.03,56.89,68.01
1757683800,65.09,65.09,57.36,57.37
1757943000,57.33,59.11,54.42,55.46
1758029400,53.99,53.99,50.32,52.8
1758115800,56.17,63.82,51.41,51.5
1758202200,55.43,63.62,55.43,62.69
1758288600,60.03,60.03,52.85,53.31
1758547800,48.9,55.88,48.9,54.56
1758634200,58.39,61.74,51.61,51.62
1758720600,53.9,54.87,48.84,49.66
1758807000,43.87,44.92,41.13,42.89
1758893400,46.75,49.24,45.05,49.23
1759152600,48.85,48.85,45.85,47.06
1759239000,46.66,46.66,41.18,46.62
1759325400,45.09,47.76,44.76,46.86
1759411800,48.07,49.05,44.02,47.84
1759498200,52.64,56.27,51.16,51.75
1759757400,54.54,55.23,50.8,51.29
1759843800,52.76,52.76,44.8,45.47
1759930200,46.1,50.09,46.1,49.53
1760016600,49.48,49.48,43.01,43.26
1760103000,45.24,45.24,27.51,27.51
1760362200,32.81,35.54,32.22,35.04
1760448600,30.1,45.29,30.1,42.7
1760535000,49.33,52.79,41.47,44.8
1760621400,47.35,47.35,35.98,37.11
1760707800,37.68,37.68,32.37,36
1760967000,44.03,47.69,43.37,47.62
1761053400,46.75,51.78,44.95,49.06
1761139800,49.3,49.3,39.71,44.21
1761226200,48.61,52.26,47.47,50.47
1761312600,59.22,59.95,56.15,56.15
1761571800,61.71,61.71,56.21,56.4
1761658200,53.84,55.34,50.6,50.64
1761744600,47.42,49.78,36.82,39.93
1761831000,38.1,41.86,35.97,36.08
1761917400,36.84,40.5,35.57,39.48
1762180200,36.96,38.88,33.62,38.86
1762266600,30.75,35.89,30.75,32.48
1762353000,34.68,41.79,34.68,39.92
1762439400,42.2,42.2,34.66,34.66
1762525800,34.01,38.65,31.17,38.64
1762785000,44.14,44.68,39.56,43.27
1762871400,45.38,49.03,45.13,48.68
1762957800,52.45,53.26,49.56,49.59
1763044200,48.48,49.16,41.51,41.75
1763130600,35.83,41.46,35.83,40.09
1763389800,39.62,39.62,29.48,29.53
1763476200,29.66,32.88,29.66,31.52
1763562600,31.53,33.12,28.81,30.24
1763649000,39.86,39.86,25.31,25.34
1763735400,29.92,44.54,29.92,41.72
1763994600,39.59,45.36,39.59,44.2
1764081000,51.3,58.79,51.3,58.79
1764167400,62.17,66.49,62.17,63.64
1764340200,66.36,68.88,66.36,68.5
1764599400,67.2,67.2,62.72,62.75
1764685800,63.69,63.69,60.96,60.96
1764772200,65.64,69.76,65.26,69.75
1764858600,71.36,72.69,70.37,70.84
1764945000,70.78,73.61,67.99,68.1
1765204200,67.48,67.73,64.12,64.12
1765290600,66.98,68.68,65.32,65.32
1765377000,65.67,73.58,65.67,71
1765463400,72.45,74.68,72.45,73.62
1765549800,70.92,72.11,69.3,69.55
1765809000,68.57,68.57,64.99,65.11
1765895400,61.6,61.79,59.24,60.65
1765981800,62.4,63.55,55.95,55.96
1766068200,60.1,60.65,56.77,56.81
1766154600,56.8,58.96,55.93,55.99
1766413800,59.06,61.61,58.17,58.53
1766500200,53.58,55.01,52.67,53.39
1766586600,52.34,56.44,52.34,56.25
1766759400,54.06,54.06,51.25,53.96
1767018600,52.62,52.62,47.94,49.49
1767105000,48.13,48.38,45.17,45.21
1767191400,42.36,42.36,35.84,36.07
1767364200,36.72,42.73,35.03,41.36
1767623400,46.68,56.25,46.68,52.49
1767709800,52.95,59.49,52.95,59.21
1767796200,60.21,60.21,53.7,54.6
1767882600,56.53,64.82,56.53,63.69
1767969000,62.13,67.16,62.13,63.49
1768228200,62.23,64.11,60.85,64.1
1768314600,63.35,63.54,61.4,62.47
1768401000,62.15,65.72,62.15,65.72
1768487400,67.97,71.56,67.97,69.94
1768573800,67.7,69,66.42,66.42
1768919400,58.18,61.89,55.9,56.31
1769005800,63.99,66.12,60.69,65.79
1769092200,70.98,72.23,69.16,69.17
1769178600,66.32,66.32,62.02,62.65
1769437800,63.34,63.34,59.16,61.15
1769524200,58.82,59.44,56.81,59.11
1769610600,56.04,56.04,50.42,50.79
1769697000,49.76,53.3,46.5,53.29
1769783400,44.92,47.65,42.78,46.85
1770042600,47.02,52.99,47.02,51.31
1770129000,52.24,52.24,46.9,51.14
1770215400,52.27,53.2,47.49,50.95
1770301800,47.78,47.78,43.33,43.9
1770388200,49.89,53.94,49.61,53.26
1770647400,51.2,55.11,51.2,54.39
1770733800,55.68,59.06,55.68,56.31
1770820200,55.13,55.13,51.41,53.47
1770906600,55.47,55.47,43.05,45.52
1770993000,46.29,51.93,46.29,48.78
1771338600,45.74,50.9,45.02,49.12
1771425000,52.76,55.05,49.51,50.72
1771511400,48.73,51.25,47.13,51.16
1771597800,54.22,54.86,49.29,54.08
1771857000,53.45,53.45,40.54,42.9
1771943400,46.73,48.25,45.8,47.44
1772029800,47.9,50.96,45.75,50.94
1772116200,53.27,55.37,48.95,54.65
1772202600,49.06,49.06,46.5,48.06
1772461800,42.47,50.2,42.47,49.43
1772548200,37.68,42.71,31.21,40.26
1772634600,43.39,47.56,43.39,45.84
1772721000,43.37,43.37,35.16,38.63
1772807400,31.26,32.64,29.91,32.23
1773063000,25.64,35.35,25.64,34.6
1773149400,32.89,39.7,32.89,33.24
1773235800,31.9,33.05,29.57,32.19
1773322200,29.1,29.1,25.82,25.87
1773408600,28.28,28.28,23.28,24.02
1773667800,28.02,29.56,27.11,27.13
1773754200,33.68,33.78,29.74,29.78
1773840600,25.82,27.52,23.24,23.24
1773927000,21.78,26.97,21.27,25.22
1774013400,22.4,22.4,17.03,18.27
1774272600,23.81,34.15,23.81,27.81
1774359000,23.98,32.82,23.98,29.6
1774445400,40.47,40.47,34.68,36.26
1774531800,39.6,39.76,32.72,33.21
1774618200,29.35,30.24,24.22,24.76
1774877400,29.23,31.22,25.09,26.52
1774963800,38.25,43.63,33.21,43.2
1775050200,38.25,51.01,33.21,50.96
1775136600,41.48,56.22,41.48,56.1
1775482200,58.51,61.76,57.7,60.7
1775568600,54.64,59.41,54.64,59.25
1775655000,76,76.45,71.79,72.72
1775741400,72.79,73.11,69.54,71.63
1775827800,72.25,72.25,67.55,68.15
1776087000,66.83,74.47,66.83,74.45
1776173400,79.72,79.72,76.47,77.92
1776259800,79.73,80.28,79.06,80.08
1776346200,81.04,81.26,79.47,80.43
1776432600,83.38,84.66,83.27,83.49
1776691800,83.32,83.32,82.12,82.19
1776778200,82.73,83.14,75.1,75.39
1776864600,77.82,78.23,74.23,75.14
1776951000,71.67,72.29,65.87,68.66
1777037400,65.87,68.19,65.53,67.63
1777296600,71.12,71.12,65.86,65.88
1777383000,66.91,66.91,62.22,62.71
1777469400,58.03,58.03,48.06,49.87
1777555800,50.62,60.56,50.62,60
1777642200,59.73,61.49,57.97,60.31
1777901400,56.65,59.52,50.33,51.16
1777987800,55.02,57.8,54.22,55.81
1778074200,59.96,62.57,59.96,61.29