time,open,high,low,close,EMA,EMA
1687354200,50.27,51.08,49.77,50.12,45.439836074083736,50.148739641712126
1687440600,50.6,50.6,48,48.06,45.54258760059026,49.768968797764465
1687527000,46.8,47.49,45.57,45.81,45.55307436135143,49.04915628908002
1687786200,46.94,47.83,46.62,46.74,45.599620464827844,48.629309691065465
1687872600,48.43,48.92,48.08,48.6,45.717282407383614,48.62398065632629
1687959000,49.39,49.39,48.34,48.97,45.84483996003524,48.68689326426696
1688045400,49.74,50.93,49.74,50.9,46.043081530229934,49.08927630712751
1688131800,53.6,53.6,51.63,51.75,46.26688225453464,49.57304425128615
1688391000,53.28,53.39,52.75,52.9,46.52700451906269,50.17794529650685
1688563800,52.13,52.13,50.8,50.8,46.69457296929553,50.29104615168742
1688650200,49.69,49.69,46.57,48.24,46.755177950891785,49.918128669562435
1688736600,50.65,51.87,50.41,50.47,46.900857246935246,50.018468911460175
1688995800,51.72,52.9,51.72,52.26,47.111019707839745,50.42602001846742
1689082200,55.06,55.06,53.8,54.59,47.40431305263034,51.18310728783698
1689168600,58.54,58.54,56.42,56.44,47.758653717233074,52.13890596277571
1689255000,58.38,58.9,57.68,58.2,48.168118277341584,53.24092306045285
1689341400,57.58,57.58,55.43,55.73,48.46466265862231,53.69348250400688
1689600600,56.34,57.27,56.26,56.34,48.77349941710771,54.17466750327836
1689687000,59.54,59.67,57.76,58.57,49.15767591055447,54.97381886631866
1689773400,60.58,60.94,59.75,59.99,49.582472933669976,55.88585179971527
1689859800,60.24,60.24,59.01,59.29,49.96316026960449,56.504787836130674
1689946200,60.97,60.97,59.21,59.21,50.32578143550235,56.99664459319782
1690205400,61.11,61.11,59.56,59.94,50.70280961450226,57.531800121707306
1690291800,61.2,61.2,59.1,59.12,51.032895511972754,57.82056373594234
1690378200,61.61,61.61,60.16,60.73,51.41317411934637,58.349552147589186
1690464600,62.56,62.56,57.15,57.45,51.649912389175924,58.18599721166388
1690551000,60.13,60.13,59.09,59.59,51.96128837391412,58.44127044590681
1690810200,61.78,61.82,60.92,61.43,52.33261039846651,58.984675819378296
1690896600,60.76,60.76,58.67,58.8,52.58623352009527,58.95109839767315
1690983000,58.38,58.38,56.5,56.74,52.749126323228786,58.54908050718712
1691069400,56.28,56.96,55.41,55.69,52.86445470271001,58.02924768769855
1691155800,57.21,57.6,55.24,55.53,52.96898589083903,57.57483901720791
1691415000,57,57,55.1,55.38,53.0635354637473,57.17577737771556
1691501400,52.66,54.39,52.26,54.34,53.113592896541526,56.660181490858186
1691587800,55.16,55.16,52.9,53.08,53.1122755280497,56.00923940161124
1691674200,55.42,55.72,52.16,52.45,53.086303938714416,55.36210496495465
1691760600,53.02,53.35,52.35,52.52,53.06409594111777,54.84535860769017
1692019800,51.39,51.76,51.02,51.54,53.00432747283864,54.24438431538287
1692106200,50.32,50.32,48.05,48.14,52.81356953272732,53.13449625804053
1692192600,49.54,49.55,46.21,46.21,52.55460602163998,51.87549693839679
1692279000,48.22,48.22,44.19,44.19,52.226582256085464,50.47813385868829
1692365400,44.6,45.44,44.39,45.32,51.95573589310172,49.54029133892678
1692624600,45.8,45.82,44.31,44.59,51.666883505136944,48.64023836821282
1692711000,46.5,46.5,44.14,44.15,51.37210375983746,47.82383139217413
1692797400,45.6,46.52,45.5,46.12,51.1661389065105,47.514043866324286
1692883800,46.99,46.99,44.18,44.19,50.89256483174538,46.909672254265324
1692970200,45.95,45.95,43.78,44.92,50.65834660304949,46.54791366258072
1693229400,47.35,47.48,46.04,46.32,50.48821536371421,46.50647481483877
1693315800,47.79,49.12,47.61,49.09,50.4333833886666,46.97620666668627
1693402200,50.39,50.62,49.06,49.06,50.37952521656202,47.355078181834216
1693488600,50.5,50.62,48.26,48.26,50.29640658061842,47.519609421500725
1693575000,51.1,51.1,49.64,49.64,50.27066514608436,47.90513498122787
1693920600,48.27,48.27,45.92,45.92,50.100050826630074,47.54420134827735
1694007000,47.19,47.19,44.58,45.2,49.9078919706838,47.11798292131783
1694093400,44.73,44.73,42.95,43.43,49.653856991441295,46.447440571987315
1694179800,44.17,44.17,42.89,43.09,49.396450834914184,45.83699683162599
1694439000,45.59,45.59,43.55,43.58,49.168354723741075,45.42663377133035
1694525400,44.87,44.87,43.73,43.74,48.95547806790809,45.11997308563392
1694611800,44.52,44.52,42.3,42.3,48.694478927990126,44.607250706427756
1694698200,44.81,45.14,43.98,44.95,48.54763661708855,44.66956875980453
1694784600,45.24,45.24,43.26,43.98,48.36851361249684,44.54419262165825
1695043800,43.64,43.96,43.17,43.17,48.164650333575395,44.29433941772039
1695130200,44.44,44.44,42.22,42.37,47.93740914402342,43.94445952358941
1695216600,44.4,44.78,41.56,41.62,47.689667608963674,43.52183051930042
1695303000,39.53,39.67,38.07,38.15,47.315562996847454,42.5451340612458
1695389400,39.38,39.45,37.64,37.64,46.93612915383383,41.653291504655655
1695648600,37.47,38.45,37.31,38.02,46.58647703015407,40.99269304926372
1695735000,38.92,38.92,35.19,35.19,46.139556362304894,39.93765794939759
1695821400,37.18,37.45,35.45,36.22,45.75055415201843,39.26172014041621
1695907800,36.89,38.29,36.67,37.51,45.42739516566477,38.94322556943144
1695994200,39.27,39.27,36.48,36.71,45.08553653171713,38.537184556807546
1696253400,36.33,36.33,33.98,34.57,44.673162550081166,37.81587827375163
1696339800,33.06,33.06,31.55,32,44.17617578341132,36.75844586034224
1696426200,32.21,32.76,31.2,32.57,43.721031635042245,35.99691024937093
1696512600,32.81,33.18,31.46,32.4,43.277069610138625,35.34292656766712
1696599000,32.14,34.79,31.9,34.19,42.9207139391528,35.13330355536401
1696858200,34.13,35.56,33.61,35.2,42.617940843499746,35.14543018166146
1696944600,37.39,38.49,36.99,37.06,42.39998237904877,35.49353378499574
1697031000,38.82,38.82,35.81,36.75,42.178414442615484,35.72198218772379
1697117400,35.65,35.65,32.82,33.43,41.83533936643448,35.30525815359219
1697203800,34.47,34.47,32.1,32.71,41.477482920691955,34.83339303475725
1697463000,33.63,34.95,33.63,34.51,41.204248296351096,34.774594301165024
1697549400,35.47,37.21,35.47,35.84,40.99388561806282,34.96830442822593
1697635800,34.29,34.38,32.13,32.27,40.65177245657016,34.477703623093944
1697722200,32.54,32.64,29.88,29.98,40.23327157592035,33.65993932798595
1697808600,29.86,29.86,27.79,27.89,39.74922171019798,32.610859450170324
1698067800,26.84,28.33,26.6,26.61,39.23395811371962,31.5197940955939
1698154200,28.32,28.82,26.85,27.93,38.7906656386718,30.867104260031375
1698240600,26.67,27.24,25.19,25.19,38.25730620186114,29.834903485480215
1698327000,25.89,26.57,25.26,25.76,37.76721576257247,29.09401194266563
1698413400,25.63,25.63,23.5,23.8,37.21948181109904,28.131464316726426
1698672600,25.89,25.89,24.44,25.45,36.75793350478143,27.643925350048892
1698759000,26.09,27.12,26.05,27.1,36.37919101439784,27.545029831858184
1698845400,27.09,28.5,26.83,28.03,36.05177175893126,27.633206226065788
1698931800,31.28,32.67,31.04,32.65,35.91836894485552,28.54535054859928
1699018200,37.76,38.05,36.75,37.24,35.97019761368472,30.126195903399413
1699281000,36.8,36.8,35.08,35.23,35.94117025628532,31.05416028459952
1699367400,34.35,35.47,34.35,34.92,35.90112436388197,31.757040232854152
1699453800,35.64,35.71,33.17,33.65,35.812844977063065,32.10121473597158
1699540200,34.67,34.67,31.43,31.63,35.64881184070765,32.01553932943129
1699626600,32.94,33.88,31.7,33.73,35.57356431754265,32.32725945135287
1699885800,33.34,34.66,32.82,34.47,35.53028728548215,32.71684864201599
1699972200,39.86,42.98,39.86,42.96,35.82164856840442,34.579239798013084
1700058600,44.85,46.33,43.89,43.89,36.138054506898364,36.27210528928343
1700145000,43.84,43.84,40.64,41.19,36.33617001643176,37.16626796395917
1700231400,43.8,43.86,43.12,43.6,36.62102609421875,38.336037425057505
1700490600,45.04,45.34,44.43,44.83,36.94294663954351,39.51675789322887
1700577000,44.02,44.21,42.95,42.97,37.1793016732869,40.14462009445999
1700663400,45.01,45.01,43.59,44.02,37.447564352765845,40.84923462273999
1700836200,45.31,45.94,45.28,45.76,37.77354222128483,41.74210105496908
1701095400,44.5,45.5,44.5,44.83,38.050266055744245,42.30353722679288
1701181800,44.72,45.91,44.67,44.8,38.31496150453859,42.757439549194174
1701268200,48.31,48.31,46.25,46.34,38.629668896517465,43.40881417661342
1701354600,46.65,47.5,46.56,47.07,38.960662273124626,44.07448432632007
1701441000,48.45,52.47,48.45,52.47,39.49044022319817,45.6009417215346
1701700200,53.44,54.01,52.87,54,40.059442567386476,47.12804322671013
1701786600,52.99,53.46,51.4,51.42,40.5049546235674,47.908399003671924
1701873000,54.01,54.88,51.18,51.18,40.92358385401574,48.503235548458846
1701959400,51.95,52.65,51.95,52.51,41.37795311464257,49.23173817601178
1702045800,51.95,54.08,51.95,53.4,41.849405933676195,49.98960396219146
1702305000,54.09,54.13,53.56,54.01,42.326291975492815,50.72058505997483
1702391400,53.62,54.35,53.31,53.31,42.7570256235127,51.19138777634304
1702477800,54.05,59.13,53.37,59.13,43.39910305004162,52.634771817007945
1702564200,64.32,64.32,62.54,62.97,44.16658920494194,54.51390421391559
1702650600,63.15,63.15,60.93,61.32,44.83927198121873,55.751376175021846
1702909800,62.34,62.35,61.55,61.57,45.49537896234741,56.809307779563326
1702996200,64.15,64.54,63.85,64.53,46.241834689314175,58.213070001460906
1703082600,64.77,65.82,61.79,61.98,46.8590176426744,58.89796636483165
1703169000,63.9,64,62.88,63.96,47.52964440178521,59.81833611668044
1703255400,66.64,66.64,64.98,65.37,48.2292661899505,60.82772955001127
1703601000,66.01,67.44,65.67,67.22,48.97400084916813,61.98996054091831
1703687400,67.78,67.87,66.96,67.11,49.68521650214193,62.92087680620589
1703773800,67.67,68.04,66.98,67.26,50.37442369813636,63.70980829598664
1703860200,67.36,67.36,65.57,65.8,50.97934825899376,64.08984315126179
1704205800,66.18,67.13,65.07,65.82,51.56133460177832,64.40441712375964
1704292200,64.54,64.54,61.93,62.22,51.97932148013995,64.00725037398516
1704378600,63.14,63.43,62.27,62.43,52.38915201033054,63.720477578715126
1704465000,63.45,63.46,62.01,62.22,52.77467546090581,63.447663473494195
1704724200,61.78,64.53,61.78,64.51,53.23488426636049,63.640815569222525
1704810600,63.03,63.28,62.62,62.64,53.603712334346355,63.45884910209116
1704897000,63.2,63.2,62.27,62.81,53.96474322319552,63.34087653807458
1704983400,62.61,62.61,60.72,62.22,54.288478783070204,63.1370808038792
1705069800,64.66,64.66,61.73,62.08,54.59402863471451,62.94488429408298
1705415400,59.36,60.36,58.66,59.15,54.7726941784512,62.25490533152244
1705501800,57.41,58.22,56.27,57.28,54.87101989694331,61.35037708942745
1705588200,57.41,57.91,56.13,57.84,54.987450489220045,60.712126709531546
1705674600,58.14,59.62,57.48,59.55,55.16637399944671,60.500830944162175
1705933800,61.13,62.04,60.77,61.8,55.42651619554684,60.73704349976905
1706020200,63.4,63.4,61.1,61.51,55.665084187878335,60.877581045265586
1706106600,62.84,62.84,60.37,60.49,55.85429657266742,60.80711176430821
1706193000,62.64,62.64,60.79,61.88,56.09059866785694,61.00218235261581
1706279400,63.83,63.83,61.82,62.16,56.32861440637235,61.21269465214021
1706538600,61.6,63.97,61.6,63.96,56.62788442965187,61.71220471538744
1706625000,63.25,63.51,62.39,62.43,56.85541837358709,61.84271294895336
1706711400,62.81,63,59.01,59.02,56.94030392756407,61.32949241278003
1706797800,60.98,61.32,57.84,61.3,57.111272400992924,61.32413015591093
1706884200,58.78,60.53,58.75,59.47,57.203771522522615,60.98701558210894
1707143400,57.86,58.24,56.52,57.09,57.199309894188396,60.27846729445277
1707229800,58.71,59.09,58.55,58.83,57.26325852578885,60.015109604552265
1707316200,57.56,58.06,57.22,57.45,57.27058172085595,59.54872604008822
1707402600,57.5,58.96,57.5,58.88,57.333696163175325,59.42713948734491
1707489000,59.24,60.44,58.28,60.28,57.449237490109624,59.58220503510038
1707748200,62.46,64.02,62.24,63.31,57.67907131402689,60.259985937809404
1707834600,58.11,58.59,55.4,56.22,57.621852831123874,59.52544304002588
1707921000,58.93,59.49,57.74,58.72,57.66491742598176,59.378998850930266
1708007400,61.85,62.86,60.84,62.85,57.86825399751189,60.01008996894294
1708093800,61.79,62.51,61.12,61.12,57.99577344858986,60.211891792771496
1708439400,59.69,60.43,59.01,59.1,58.03907645060594,60.00972964863122
1708525800,59.64,59.64,58.07,58.72,58.0657793348959,59.77523334888009
1708612200,59.95,59.95,58.94,59.19,58.109866419801946,59.66882728544735
1708698600,59.31,60.42,59.3,59.78,58.17536185431952,59.689040506275106
1708957800,60.24,60.73,58.62,59.17,58.21436727179719,59.59466950513418
1709044200,61.38,61.38,60.35,60.51,58.30439208466789,59.76109323147342
1709130600,59.95,60.27,58.76,58.8,58.323827689190715,59.58634900756916
1709217000,61.83,61.84,59.62,60.07,58.39230503471265,59.67428555164749
1709303400,59.62,60.98,59.62,60.81,58.48711660197882,59.88077908771159
1709562600,62.07,62.07,60.41,60.53,58.567229676411024,59.998819253582205
1709649000,60.92,60.94,59.2,59.46,58.60224027733608,59.90085211656726
1709735400,61.23,61.23,59.94,60.17,58.66372105077388,59.94978809537321
1709821800,62.4,62.4,60.97,61.21,58.76357512721412,60.178917532578076
1709908200,63.5,63.5,61.09,61.48,58.87010159281356,60.41547798120024
1710163800,62.71,62.71,61.63,61.74,58.9826466283895,60.65630016643656
1710250200,61.83,62.17,60.65,60.89,59.057444799825205,60.698791045266276
1710336600,63.16,63.16,61.2,61.35,59.147348925322255,60.81719267339968
1710423000,61.26,61.26,57.76,58.42,59.118825438054714,60.381339460054285
1710509400,59.28,59.41,58.29,59,59.11416561695453,60.130186830953505
1710768600,58.85,59.13,57.6,57.6,59.05478657315239,59.67015286168923
1710855000,58.52,59.1,58.52,58.89,59.0483243545974,59.528306886836646
1710941400,59.46,62.39,59.04,62.14,59.16956653677005,60.003160180139076
1711027800,64.53,64.53,62.82,63.31,59.33193647650456,60.60440378375015
1711114200,63.72,63.72,61.15,61.31,59.40950759507301,60.73269400488649
1711373400,63.24,63.24,60.63,60.63,59.457370042325046,60.7140223676344
1711459800,62.59,62.59,60.25,60.27,59.489237883802495,60.63329102806451
1711546200,62.57,64.37,62.57,64.33,59.67907169228083,61.305419932052786
1711632600,65.62,65.87,65.28,65.47,59.90616692003452,62.06261630804319
1711978200,65.47,65.47,63.67,63.72,60.0557290016018,62.36395879748988
1712064600,62.21,62.24,60.67,61.3,60.10452394271545,62.17051174340081
1712151000,61.2,62.13,61.11,61.27,60.15022888613838,62.006782335509754
1712237400,64.06,64.08,60.36,60.73,60.1729650082506,61.7746400926898
1712323800,60.83,61.42,60.42,60.53,60.186966380476065,61.548341894018925
1712583000,61.77,62.38,61.56,61.56,60.24081083614367,61.55046154965185
1712669400,63.65,63.65,62.13,63.06,60.35136727394196,61.82492308607878
1712755800,59.23,59.62,57.06,57.71,60.2477842435913,61.07675525224628
1712842200,58.77,58.88,57.09,58.14,60.16512603796026,60.54279975183786
1712928600,58.7,58.7,54.62,55.06,59.96492501686378,59.545927069685526
1713187800,57.11,57.11,52.58,52.98,59.691006388751475,58.35212214792452
1713274200,51.36,52.32,50.67,51.48,59.3690061382122,57.102645393756426
1713360600,53.78,53.78,50.16,50.16,59.00786864259604,55.84034623125525
1713447000,51.28,51.8,49.84,49.89,58.6503051664158,54.75846509829975
1713533400,51.59,52.3,50.99,52.18,58.396567708909295,54.28965326224525
1713792600,53.49,54.97,52.49,53.77,58.21513368110893,54.19517085092794
1713879000,57.03,57.73,56.69,56.71,58.156108830869364,54.652412514395586
1713965400,56.98,56.98,55.15,56.06,58.07390848456076,54.90833751177821
1714051800,53.62,54.78,53.52,54.35,57.92787285771524,54.8068216005458
1714138200,56.36,56.36,54.98,54.98,57.81227000054994,54.838308582264744
1714397400,57.3,57.3,55.67,55.97,57.74002411817543,55.04407065821661
1714483800,55.7,55.7,52.71,52.87,57.54904278020776,54.648785083995406
1714570200,53.86,56.5,53.4,53.72,57.39888423980746,54.479915068723514
1714656600,56.09,56.64,54.77,56.37,57.35853583824638,54.82356687441015
1714743000,60.3,60.3,57.86,58.14,57.389181491648486,55.426554715426484
1715002200,60.65,60.65,59.47,59.9,57.48764496256423,56.23990840353076
1715088600,61.23,61.26,59.88,59.88,57.58146280716956,56.90174323925244
1715175000,59.96,59.98,59.47,59.91,57.672777991202125,57.44869901393381
1715261400,61.12,61.53,60.79,61.37,57.817767089586354,58.16166282958221
1715347800,62.35,62.35,60.19,60.54,57.92452132136728,58.594087769658174
1715607000,62.53,63.26,60.97,60.99,58.04473617150974,59.02970817517487
1715693400,62.76,62.76,62.09,62.38,58.21474651772505,59.63885214332489
1715779800,64.17,64.17,63.19,63.65,58.427893713108375,60.368151753629455
1715866200,64,64.3,63.56,64.1,58.65032925377079,61.04666961660592
1715952600,64.6,64.72,64.08,64.37,58.874630067348406,61.65091150449575
1716211800,64.69,64.69,63.74,63.77,59.06660535882494,62.036200321860164
1716298200,64.16,64.16,62.43,63.15,59.22673848200827,62.238709354249224
1716384600,63.26,63.53,61.57,61.94,59.33314089447854,62.184398562567544
1716471000,61.29,61.29,57.4,57.71,59.26948831038134,61.37087155119163
1716557400,59.15,59.31,58.43,59.22,59.26754759232717,60.97980399642951
1716903000,60.63,60.63,57.86,58.36,59.23195749066728,60.50347599707869
1716989400,55.94,56.03,55.08,55.09,59.06952778515091,59.51920763397347
1717075800,56.93,57.52,56.38,56.83,58.981703166125385,59.03026079143284
1717162200,59.28,59.28,57.58,58.82,58.975361865493014,58.99203155662687
1717421400,59.53,59.53,57.16,58.11,58.94142610606192,58.831662182694714
1717507800,57.85,57.85,56.01,56.01,58.82646821954969,58.31863269493204
1717594200,56.9,57.62,56.7,57.62,58.77915574035166,58.19160856858076
1717680600,58.2,58.2,56.56,57.07,58.712130025043756,57.98767973792972
1717767000,55.51,56.46,54.3,54.67,58.553615122100865,57.384465240124314
1718026200,53.63,54.66,53.62,54.48,58.39386550946946,56.8563806510108
1718112600,53.28,53.84,52.72,53.45,58.199988430666735,56.23703871446338
1718199000,58.73,58.82,56.09,56.24,58.12312613926804,56.237577130015495
1718285400,55.74,55.74,52.92,54.03,57.96261138870851,55.83619947001268
1718371800,50.75,51.15,50.42,51.15,57.695450157778765,54.98416320273765
1718631000,51.15,52.07,50.06,52.06,57.47445211237568,54.45249716587626
1718717400,53.18,53.18,51.31,51.31,57.23270889228252,53.88113404480785
1718890200,51.44,51.55,50.51,50.79,56.98005364160477,53.319109673024606
1718976600,51.09,51.27,50.24,51.26,56.75573781252223,52.94472609611104
1719235800,52.38,53.63,52.21,52.28,56.580218682619396,52.823866805909034
1719322200,51.94,51.94,50.59,50.65,56.347661087222555,52.42861829574375
1719408600,50.36,51.03,49.71,50.96,56.13638026027265,52.16159678742671
1719495000,52.25,52.75,51.49,52.75,56.00358103437961,52.26857918971276
1719581400,54.69,54.69,52.83,54.28,55.93598962126668,52.63429206431044
1719840600,55.37,55.37,51.9,51.96,55.780068459648376,52.51169350716309
1719927000,52.41,52.86,51.87,52.51,55.65183048083863,52.5113855967698
1720013400,53.73,54.73,52.23,52.39,55.52391556002143,52.4893154882662
1720186200,51.73,51.76,50.87,51.3,55.358271812569605,52.27307630858144
1720445400,52.87,53.33,51.74,52,55.22657487874334,52.22342607065754
1720531800,51.97,52.79,50.91,51.79,55.091807236439685,52.14462133053799
1720618200,52.86,54.19,52.28,54.18,55.05605008991264,52.51469017953108
1720704600,57.64,59.98,57.64,59.88,55.245224596190575,53.85383741961634
1720791000,62.56,63.36,61.93,61.96,55.50854912183016,55.32768516150428
1721050200,62.98,64.59,62.98,63.53,55.82311582293486,56.81901513213986
1721136600,66.22,68.74,66.22,68.7,56.32809167301585,58.979194199023524
1721223000,69.43,69.43,67.52,67.81,56.77836258779954,60.58479525374652
1721309400,69.03,69.47,64.84,64.97,57.09960327063093,61.38210520761079
1721395800,64.86,64.86,62.93,62.96,57.32942275021403,61.66899516986337
1721655000,64.39,65.26,62.81,65.21,57.63846499530367,62.31281422988821
1721741400,65.11,65.84,65.01,65.45,57.944799701370194,62.88321164263581
1721827800,64.63,65.38,62.5,62.51,58.12382716406156,62.815354980338384
1721914200,63.8,65.99,63.8,64.34,58.367598647823854,63.092563165731406
1722000600,66.95,66.98,65.63,66.39,58.682202622419,63.692097135598424
1722259800,66.98,67.15,64.92,65.66,58.95584173526531,64.04989765639871
1722346200,66.52,66.52,65.26,65.73,59.22149500054902,64.35537080978077
1722432600,66.7,68.37,66.32,66.71,59.51516186327259,64.78348520800245
1722519000,66.5,66.5,60.85,61.89,59.608292770595234,64.25739698836564
1722605400,55.04,56.88,54.9,55.78,59.4581636423366,62.71605208139007
1722864600,44.81,49.63,44.81,47.91,59.00529447989203,60.024042612046415
1722951000,49.29,52.29,48.88,50.09,58.655675088523715,58.217853046219794
1723037400,52.24,52.45,48.1,48.1,58.24172704583651,56.37824340145256
1723123800,51.14,53,51.14,53,58.036169122470376,55.764017328461186
1723210200,52.27,52.27,51.15,52.08,57.802593862765654,55.094195996013696
1723469400,51.98,51.98,50.39,50.41,57.51268822108857,54.24252399673848
1723555800,51.69,53.81,51.22,53.63,57.36042593790862,54.13115599733148
1723642200,54.14,54.14,52.65,53.45,57.207075901127894,54.00730945236212
1723728600,57.34,57.83,56.56,56.98,57.19817096382876,54.547798642841734
1723815000,57.29,57.66,56.93,57.41,57.206477984855084,55.06819888959778
1724074200,58.56,59.13,58.28,59.13,57.28191022074312,55.80670818239818
1724160600,58.68,58.68,57.01,57.34,57.28418825130221,56.085488512871244
1724247000,58.28,59.41,58.05,59.29,57.36284753556487,56.668126965076475
1724333400,59.88,59.88,57.52,57.54,57.369794691032915,56.82664933506257
1724419800,59.21,61.81,59.21,61.78,57.54274391883555,57.72725854686937
1724679000,62.6,63.08,62.13,62.15,57.72342062790082,58.531393356529485
1724765400,61.45,61.55,60.68,61.15,57.85779628955177,59.007503655342305
1724851800,60.75,60.79,59.2,59.83,57.93513761153013,59.15704844528007
1724938200,60.77,62.24,60.77,60.98,58.05454397970542,59.488494182501874
1725024600,61.93,61.93,60.23,61.69,58.19711088246207,59.888767967501536
1725370200,59.41,59.41,56.61,56.77,58.1411457498165,59.32171924613762
1725456600,56.49,58.24,56.4,56.7,58.08463023021586,58.84504301956714
1725543000,56.26,56.76,55.39,55.92,57.99974277020739,58.31321701600948
1725629400,54.26,54.26,52.15,52.39,57.77975285765024,57.23626846764412
1725888600,53.52,54.84,53.05,53.33,57.605252745585524,56.52603783716337
1725975000,52.68,52.81,51.09,52.77,57.41563499085668,55.84312186677003
1726061400,51.8,53.22,49.7,53.17,57.249139501019165,55.35709970917548
1726147800,53.87,54.67,52.67,54.66,57.147604618626254,55.23035430750721
1726234200,56.99,57.99,56.99,57.86,57.175541692405616,55.70847170614226
1726493400,58.81,58.81,57.58,58.32,57.220422410350494,56.18329503229821
1726579800,59.81,60.5,59.19,59.35,57.30393525700342,56.75905957188036
1726666200,60.14,61.74,58.76,58.76,57.361035835160145,57.122866922447564
1726752600,61.31,61.98,61.14,61.52,57.52413246907543,57.922345663820735
1726839000,61.22,61.22,59.59,60.22,57.62985276440581,58.34010099767151
1727098200,60.82,60.82,59.3,59.51,57.70358402854676,58.55280990718578
1727184600,60.29,60.36,59.71,60.07,57.79638465487826,58.82866265133382
1727271000,59.63,59.63,57.98,58.13,57.809467609588914,58.70163307836404
1727357400,60.51,60.51,59.65,60,57.89537084058543,58.93769979138876
1727443800,61.58,62.56,60.68,61.13,58.02221904291541,59.33629982931808
1727703000,60.71,61.63,59.43,60.98,58.13821045299716,59.6351544058057
1727789400,59.46,59.46,57.98,58.89,58.167692396016875,59.4996717865683
1727875800,59,59.48,58.72,58.95,58.19837112558484,59.3997314617377
1727962200,58.11,58.29,57.32,57.65,58.17686637556191,59.08159846869448
1728048600,59.86,59.86,58.42,59.67,58.23542063534379,59.18858056529548
1728307800,58.74,58.74,57.17,57.95,58.22422766925188,58.96338409887812
1728394200,57.44,57.57,56.59,57.21,58.184454035163576,58.64458698999119
1728480600,57.31,58.23,56.99,57.4,58.15369113182383,58.41829844635643
1728567000,56.3,57.18,56.13,57.18,58.11550716586995,58.193153274291625
1728653400,57.92,59.65,57.92,59.65,58.175683355443674,58.45803449714769
1728912600,59.24,60.22,59.19,60.22,58.255852635622354,58.77839186130266
1728999000,60.51,61.26,59.97,59.98,58.32346625775481,58.99686606833854
1729085400,61.23,62.07,61.1,61.51,58.448428365293836,59.45379951045881
1729171800,61.55,61.55,60.98,61.42,58.56496058626271,59.81129050855721
1729258200,61.6,73.06,61.42,61.56,58.68241311229162,60.129237688819536
1729517400,61.37,61.37,59.43,59.47,58.71329887259391,60.009376290852344
1729603800,58.95,59.34,58.73,58.99,58.72414989719807,59.82403514706101
1729690200,59.4,59.4,56.74,57.75,58.6859479404452,59.44693784759537
1729776600,58.37,58.37,57.39,57.9,58.655126452584604,59.16567642075985
1729863000,59.09,59.22,57.37,57.49,58.609435219149915,58.8610079806217
1730122200,58.93,59.61,58.93,59.43,58.64161423016365,58.96446107505412
1730208600,58.18,58.55,58.17,58.54,58.63762935839252,58.88728633413519
1730295000,58.47,59.77,58.34,58.34,58.62595761884772,58.78777972792879
1730381400,57.84,57.84,55.64,55.64,58.50886124163801,58.21545614103265
1730467800,57.27,57.27,55.29,55.93,58.40772942824044,57.799918660844895
1730730600,55.58,57.54,55.58,55.81,58.3058576859565,57.43811526796401
1730817000,56.68,58.71,56.68,58.6,58.317392678664085,57.6493670374251
1730903400,64.01,64.14,61.98,64.14,58.54573022067726,58.82948212152963
1730989800,64.89,64.89,63.6,63.7,58.74785844731736,59.71503082670606
1731076200,63.4,63.77,63.08,63.35,58.92833458663825,60.375934312759505
1731335400,64.29,64.35,63.56,63.91,59.12369401461322,61.01849171043959
1731421800,63.62,63.62,61.75,61.83,59.229823661098976,61.16603867217785
1731508200,62.41,62.53,60.64,60.64,59.285124693997055,61.07039527723642
1731594600,60.88,60.88,58.84,58.84,59.26766882364423,60.66486886319343
1731681000,59.02,59.02,56.78,56.82,59.1716818109523,59.965801797158264
1731940200,57.29,57.87,56.94,57.24,59.095929583071815,59.470201470402216
1732026600,56.72,57.38,56.46,57.38,59.02863822687292,59.09016483942
1732113000,56.69,57.55,56.69,57.55,58.97065241405438,58.81013486861636
1732199400,58.19,59.51,58.19,59.49,58.99101898605225,58.933746710686115
1732285800,60.65,61.57,60.55,61.28,59.08078294738353,59.3603382178341
1732545000,63.31,63.99,62.7,63.06,59.23683067493712,60.03300399640972
1732631400,62.19,62.19,62.19,62.19,59.35264123670429,60.425185087971585
1732717800,69.43,69.43,62.85,63.01,59.49606707055902,60.895151435613116
1732890600,63.99,64.04,63.55,63.57,59.655829146223375,61.38148753822891
1733149800,63.13,64.05,62.87,63.89,59.82187506205775,61.83758071309638
1733236200,63.64,63.84,63.23,63.4,59.96219368707509,62.121656947078854
1733322600,63.24,63.44,62.7,63.23,60.09034295424862,62.32317386579179
1733409000,63.26,63.26,61.43,61.47,60.144447152121224,62.168051344738736
1733495400,62.66,62.66,61.47,61.87,60.212115891253724,62.113860191149875
1733754600,63.69,63.93,63.07,63.08,60.32458193473397,62.28952197457717
1733841000,62.21,62.92,61.69,62.3,60.40204930984244,62.29142707010859
1733927400,62.92,63.07,61.88,62.2,60.472557180044696,62.27480396645248
1734013800,62.35,62.35,60.89,60.98,60.492456898474316,62.03938506346112
1734100200,60.71,60.71,59.22,59.99,60.472752706377285,61.66676959737728
1734359400,59.83,60.35,59.28,59.29,60.426370247303666,61.23462967058141
1734445800,59.15,59.15,57.61,58.1,60.335140041527055,60.664697003202974
1734532200,58.76,58.76,51.34,51.35,59.982781608526,58.97111572989334
1734618600,52.88,52.88,50.67,50.68,59.617966643485765,57.46364014264001
1734705000,51.13,53.45,51.13,52.34,59.33255618687848,56.532069207614555
1734964200,52.04,52.2,50.99,52.2,59.052848101118535,55.74442026077555
1735050600,51.89,53.81,51.74,53.81,58.84724621480016,55.39270748608909
1735223400,54.69,55.11,54.45,55.02,58.69715812794525,55.32494248861835
1735309800,53.99,53.99,51.84,53.28,58.48472055430034,54.953134763415015
1735569000,50.86,52.21,49.54,51.66,58.2170844541317,54.354382988248645
1735655400,52.32,53.21,51.32,52.24,57.98268898534222,53.96994971765798
1735828200,53.78,54.24,50.96,51.6,57.73238745650527,53.539049768992896
1735914600,52.51,53.75,51.46,53.71,57.574646771936436,53.570131629176004
1736173800,54.43,54.85,52.86,52.92,57.392111604409514,53.45192587841673
1736260200,53.93,53.93,50.94,51.6,57.16496997286404,53.11521208234096
1736346600,50.22,50.56,49.08,50.33,56.89693193471251,52.60880988555169
1736519400,47.47,47.47,45.27,46.16,56.475875780410064,51.43629899726957
1736778600,44.74,47.13,44.74,46.95,56.10231202431555,50.620608270493285
1736865000,48.75,49.52,47.44,49.32,55.836339003754155,50.384134039494505
1736951400,52.45,53.14,51.67,52.24,55.695306101646146,50.72156421413187
1737037800,53.21,53.68,52.42,53.38,55.60450978393453,51.204916175198804
1737124200,54.81,55.01,53.85,54.31,55.55374469436847,51.769476870617204
1737469800,55.78,57.06,55.78,57.03,55.6116370592952,52.725935621414074
1737556200,56.56,56.67,55.87,55.87,55.621768939322834,53.297583690247876
1737642600,55.22,56.79,54.87,56.79,55.667581922094485,53.93256847383917
1737729000,57.08,57.37,56.35,56.51,55.7006179251496,54.40119238768659
1737988200,56.61,57.62,55.8,56.7,55.7398093790653,54.81915740810721
1738074600,56.23,56.54,55.32,56.2,55.75785607008235,55.070219697542264
1738161000,56.42,56.96,54.39,55.5,55.74774406733402,55.148361570716396
1738247400,57.51,57.93,56.77,56.93,55.794107045085624,55.47229583058614
1738333800,57.11,57.77,54.84,55.34,55.7762989256705,55.44824204320685
1738593000,51.55,53.91,51.55,53.36,55.681542105055975,55.06856167171469
1738679400,53.56,55.27,53.56,55.14,55.66030515975966,55.08155045867566
1738765800,55.95,56.51,55.33,56.44,55.69088142800438,55.32854128437099
1738852200,57.82,57.82,55.7,56.35,55.71672921514146,55.514261050848994
1738938600,56.06,56.06,54.43,54.77,55.67960257925356,55.378940859785544
1739197800,55.2,55.82,55.07,55.62,55.6772652232044,55.42276979436999
1739284200,55.19,55.77,54.97,55.68,55.67737246935325,55.46953892266636
1739370600,53.75,54.48,53.14,53.87,55.60649511761391,55.17871366399975
1739457000,54.94,56.53,54.75,56.51,55.64192668162905,55.4207657250907
1739543400,57.42,57.55,56.1,56.26,55.666164850976934,55.57335377507421
1739889000,56.39,57,56.01,56.8,55.71062897446804,55.796380361424355
1739975400,55.86,56.55,55.51,56.14,55.72746705390066,55.8588566593472
1740061800,55.76,55.76,53.96,54.7,55.6871742282575,55.6481554485568
1740148200,54.92,54.92,50.68,50.71,55.491990925188574,54.750309003364656
1740407400,49.98,50.87,49.04,49.06,55.23975598694589,53.71570736638927
1740493800,50.33,50.33,48.35,49.2,55.00290281098722,52.8946696634094
1740580200,49.88,51.04,48.55,49.07,54.77023995565439,52.19927517915315
1740666600,49.22,49.24,46.92,46.92,54.46238740837383,51.23940696476166
1740753000,46.72,48.53,46.28,48.52,54.229352608045446,50.744969334805
1741012200,49.89,49.89,44.49,44.89,53.86310348616131,49.68042945574955
1741098600,41.44,43.71,39.41,41.41,53.374746486704,48.17671500924963
1741185000,42.28,43.63,41.59,42.9,52.96397211467639,47.21731228029515
1741271400,40.51,41.71,39.41,40.18,52.462639874885156,45.93780095660512
1741357800,40.22,42.28,37.92,42.08,52.055477526850446,45.23638260085874
1741613400,38.94,39.4,34.29,35.84,51.41957644736611,43.5279494007026
1741699800,36.53,36.7,33.31,34.73,50.765083253351754,41.92832223693849
1741786200,36.59,36.89,33.59,35.64,50.17194273361247,40.784990921131495
1741872600,36.36,36.36,32.06,32.58,49.48206262641198,39.29317439001668
1741959000,35.46,37.55,35.45,37.45,49.010217033219355,38.95805177365001
1742218200,38.7,40.54,38.51,40.1,48.66079675740683,39.16567872389547
1742304600,38.83,38.85,37.52,38.64,48.267824335547736,39.07010077409629
1742391000,39.17,42.04,39.17,41.09,47.986341028271355,39.43735517880606
1742477400,39.64,41.5,39.64,39.8,47.66530804677052,39.50329060084132
1742563800,37.28,39.05,37.28,38.78,47.31686459395599,39.37178321887017
1742823000,41.44,42.41,41.13,42.26,47.118556178506736,39.89691354271196
1742909400,42.61,42.61,41.39,41.4,46.89429907346726,40.1702019894916
1742995800,42.68,42.68,40.25,40.84,46.656875580390114,40.29198344594767
1743082200,39.51,41.27,39.23,40.1,46.39974320468854,40.25707736486628
1743168600,39.53,39.53,35.1,35.88,45.98720425548507,39.461245116708774
1743427800,32.94,35.51,32.94,34.94,45.55398055919154,38.63920055003445
1743514200,33.51,36.23,33.35,35.55,45.161667596085984,38.07752772275546
1743600600,34.59,37.24,34.37,37.07,44.84434729820026,37.89434086407265
1743687000,30.33,30.33,28.32,28.53,44.20456897278064,36.191733434241264
1743773400,21.92,21.92,18.76,19.18,43.22321332678924,33.09869099165194
1744032600,13.98,18.34,13.98,17.41,42.21093045122888,30.2462017204425
1744119000,20.66,20.86,14.3,14.95,41.14187435510226,27.4650741349075
1744205400,15.26,24.39,14.01,23.95,40.46768320392178,26.8259697467425
1744291800,21.32,21.32,17.92,20.01,39.66542111749347,25.586702520062047
1744378200,19.94,22.39,19.11,22.07,38.97540460308196,24.94730206186895
1744637400,23.61,24.37,22.73,23.92,38.384996579431686,24.760519868801868
1744723800,24.56,25.21,24.31,24.62,37.84519279200299,24.734970801746982
1744810200,24.28,25.05,22.57,23.53,37.283812682512675,24.51588520142935
1744896600,23.78,25.36,23.75,24.48,36.781702381237665,24.509360619351284
1745242200,23.43,23.43,20.83,21.77,36.193008170208735,24.011295052196505
1745328600,23.44,25.73,23.44,25.72,35.78230196745545,24.32196867906987
1745415000,30,30,26.99,27.33,35.450839145202295,24.86888346469353
1745501400,27.39,29.91,27.39,29.91,35.23355133558652,25.785450107476525
1745587800,29.11,29.39,28.39,29.38,35.00400030281842,26.439004633389885
1745847000,30.57,30.57,28.56,30.38,34.822666957609854,27.155549245500815
1745933400,29.76,31.67,29.23,31.46,34.69079766515457,27.93817665540976
1746019800,28.65,31.08,28.65,31.08,34.549197756717135,28.509417263517076
1746106200,31.55,32.24,30.95,31.21,34.41824882508117,29.00043230651397
1746192600,33.77,35.06,33.14,34.6,34.42537632213681,30.01853552351143
1746451800,33.4,34.79,33.13,33.82,34.40163607420988,30.70971088287299
1746538200,32.05,33.32,31.89,32.38,34.322356228162434,31.01339981325972
1746624600,33.47,33.95,32.18,32.98,34.26971480745018,31.370963483576134
1746711000,34.74,37.4,34.17,35.95,34.33560834441292,32.203515577471386
1746797400,36.92,36.92,35.83,36.31,34.41303546816143,32.95014910884022
1747056600,43.32,43.42,41.41,41.85,34.70468113607667,34.56830381632382
1747143000,43.15,43.74,43.14,43.28,35.04096815034818,36.152248576992214
1747229400,42.35,42.35,41.6,41.69,35.30171449739335,37.15911247208454
1747315800,41.34,43.52,41.26,43.51,35.62360804651518,38.313819295341894
1747402200,43.77,45.19,43.48,44.64,35.97719204469106,39.4640339689161
1747661400,42.76,44.74,42.76,44.74,36.32083157235023,40.42330052002226
1747747800,44.58,45.3,43.97,44.38,36.636877393042376,41.14270042547276
1747834200,42.78,42.78,39.09,39.21,36.73778416194268,40.79130034811408
1747920600,38.02,39.9,38.02,38.91,36.82296909676845,40.44924573936606
1748007000,36.73,38.47,36.73,38.05,36.87108795571871,40.0130192412995
1748352600,39.89,42.5,39.88,42.5,37.091829604514054,40.46519756106323
1748439000,42.2,42.2,40.21,40.23,37.21489511021939,40.42243436814264
1748525400,40.96,41.12,39.81,41.12,37.36803647844608,40.549264483025794
1748611800,39.28,40.74,38.89,39.97,37.470074263605056,40.44394366793019
1748871000,37.67,39.86,37.67,39.77,37.56026742973819,40.321408455579245
1748957400,39.32,42.39,39.03,41.92,37.73123733445434,40.61206146365575
1749043800,42.55,42.55,40.79,40.81,37.85197312526005,40.64805028844561
1749130200,41.02,42,40.17,40.66,37.96209182623025,40.65022296327368
1749216600,43.19,43.68,42.96,43.58,38.182401950691805,41.18290969722392
1749475800,44.91,45.92,44.45,44.81,38.44230775654703,41.84238066136503
1749562200,45.58,46.74,45.58,46.44,38.75594274648636,42.67831145020775
1749648600,47.14,47.47,45.08,45.09,39.00433714858494,43.11680027744271
1749735000,44.1,45.43,44.1,45.37,39.25397098589533,43.526472954271306
1749821400,43.7,43.7,41.41,41.53,39.34322702566414,43.16347787167652
1750080600,43.75,44.47,43.12,43.23,39.49564949524594,43.17557280409897
1750167000,42.94,43.29,41.25,41.31,39.566800495432375,42.836377748808246
1750253400,42.41,43.1,41.76,41.84,39.65594557404287,42.65521815811584
1750426200,43.66,43.66,41.27,41.63,39.73335947310001,42.46881485664023
1750685400,42.14,43.23,40.33,43.22,39.870090474154914,42.60539397361473
1750771800,44.59,45.81,44.59,45.5,40.09087123987433,43.13168597841205
1750858200,45.16,45.16,43.54,43.54,40.22613119125181,43.20592489142804
1750944600,44.6,46.67,44.46,46.67,40.47883192884978,43.835756729350216
1751031000,47.02,48.07,45.5,47.2,40.74240714732626,44.44743732401381
1751290200,47.45,47.45,46.7,47.18,40.99486176899974,44.944266901465845
1751376600,46.88,52.61,46.88,50.49,41.36722013099975,45.952582010290236
1751463000,50.56,52.85,50.48,52.77,41.81438796899976,47.19211255387383
1751549400,54.42,54.87,54.15,54.59,42.31539236237232,48.53718299862404
1751895000,53.47,54.48,50.97,51.83,42.688514230514585,49.13587699887422
1751981400,52.02,54.1,52.02,53.18,43.09994504500421,49.871172089987994
1752067800,54.43,54.47,52.76,54.47,43.54582955304326,50.70732261908108
1752154200,54.21,56.85,54.21,55.86,44.028738198021955,51.64417305197543
1752240600,54.2,54.3,53.23,53.56,44.40251317064855,51.99250522434353
1752499800,53.27,54.05,53.11,54.05,44.78084598748586,52.3665951835538
1752586200,53.45,53.45,49.94,49.94,44.983165752682496,51.925396059271286
1752672600,51.45,51.54,49.24,51.34,45.232453370224356,51.818960412131055
1752759000,52.59,53.77,52.47,53.29,45.54843559099987,52.08642215537996
1752845400,54.34,54.56,52.35,52.8,45.832810665862624,52.21616358167451
1753104600,53.98,54.46,52.62,52.68,46.10132789465232,52.300497475915506
1753191000,53.51,55.57,53.51,54.93,46.447550330156155,52.77858884393087
1753277400,56.87,57.38,55.92,57.36,46.87548953289513,53.61157269048889
1753363800,56.41,56.41,54.29,54.29,47.16625464925218,53.734923110400004
1753450200,54.83,54.88,53.72,54.81,47.46600936888935,53.930391635781824
1753709400,55.73,55.73,53.74,54.06,47.72459723677604,53.9539567929124
1753795800,55.15,55.15,52.06,52.33,47.90520126670639,53.65869192147378
1753882200,53.24,53.24,49,49.58,47.97087964840418,52.91711157211491
1753968600,49.04,49.3,47.63,47.64,47.95790397591774,51.95763674082129
1754055000,46.06,46.06,44.19,44.84,47.8356332317641,50.66352096976288
1754314200,46.02,47.6,45.96,47.58,47.8256083991459,50.10288079344235
1754400600,49.11,49.21,47.21,48.75,47.86185905015979,49.85690246736193
1754487000,49.32,49.32,48.35,48.42,47.883746930545676,49.595647473296125
1754573400,50.7,50.7,47.8,48,47.88830587444585,49.30552975087865
1754659800,49.56,49.63,48.72,49.01,47.93229387936954,49.251797068900714
1754919000,50.01,50.01,48.16,48.16,47.94122353115897,49.05328851091877
1755005400,49.6,52.98,49.6,52.66,48.126273588760576,49.70905423620626
1755091800,54.28,56.88,54.28,56.88,48.46955697743663,51.01286255689603
1755178200,55.08,55.08,53.32,54.62,48.710750821458724,51.66870572836948
1755264600,55.34,55.34,53.36,53.4,48.8946429461074,51.983486505029575
1755523800,53.69,54.48,53.69,54.03,49.096029497240444,52.35557986775147
1755610200,55.68,56.37,54.13,54.45,49.305989124799645,52.736383528160296
1755696600,55.65,55.65,53.61,54.6,49.51359739441534,53.075222886676606
1755783000,53.92,54.64,53.54,54,49.68953475149709,53.24336418000813
1755869400,56.27,61.49,56.27,61.35,50.14680789849721,54.7172979654612
1756128600,60.86,60.86,59.1,59.13,50.4990899416934,55.519607426286434
1756215000,59.82,60.15,59.44,59.65,50.857949159666205,56.27058789423435
1756301400,60.56,61.57,60.15,60.62,51.24077468281655,57.061390095282654
1756387800,61.25,61.25,59.89,60.36,51.598391361921784,57.661137350685806
1756474200,61.23,61.23,60.22,60.48,51.946689739885635,58.1736578323793
1756819800,59.29,59.29,57.58,58.64,52.209172495184234,58.25844731740124
1756906200,59.64,59.64,57.7,58.76,52.46606769145152,58.34963871423738
1756992600,58.42,60.18,58.42,60.15,52.767398370218125,58.67697712983058
1757079000,63.12,63.12,59.76,60.92,53.08710823805271,59.08479946986139
1757338200,60.86,60.86,59.36,60.04,53.35977066008986,59.258472293522956
1757424600,60.08,60.08,58.94,59.27,53.591544359694176,59.260568240155145
1757511000,60.12,60.12,58.26,58.89,53.799326933823814,59.19319219649057
1757597400,60.1,62.34,60,62.32,54.133470975634644,59.76170270621956
1757683800,62.14,62.14,60.27,60.33,54.37647211384505,59.86502948690691
1757943000,60.87,60.92,59.66,59.94,54.59464967800798,59.878660489287476
1758029400,60.03,60.03,59.16,59.83,54.79995753377238,59.869813127598846
1758115800,61.05,62.42,59.86,59.9,54.999959199114635,59.875301649853604
1758202200,61.29,62.77,61.29,62.58,55.29721570111014,60.36706498624386
1758288600,62.66,62.66,60.65,60.7,55.50908959518425,60.427598625108615
1758547800,60.43,61.36,60.13,61.08,55.72755666988291,60.54621705690705
1758634200,62.31,63.17,60.81,61.12,55.93902503576985,60.65054122837849
1758720600,61.89,62.2,60.67,60.99,56.137102485347505,60.71226100503695
1758807000,59.81,60,58.95,59.14,56.25486317219662,60.42639536775751
1758893400,60.13,60.87,59.76,60.86,56.43545677328695,60.50523257361978
1759152600,60.75,60.75,59.49,59.95,56.57328199786394,60.404281196598
1759239000,60.52,60.52,58.16,59.78,56.699035645006525,60.29077552448927
1759325400,59.38,59.78,59,59.49,56.80848522755529,60.14517997458213
1759411800,60.01,60.16,58.39,59.11,56.89874070882763,59.95696543374901
1759498200,60.64,61.63,60.12,60.21,57.028594014363804,60.00297171852192
1759757400,61.33,61.5,59.97,59.97,57.14394326870248,59.99697686060885
1759843800,60.8,60.8,58.26,58.31,57.189670983655326,59.6902537950436
1759930200,58.66,59.54,58.66,59.23,57.26968388625708,59.60657128685386
1760016600,59.28,59.28,57.58,57.85,57.292441380913665,59.28719468924407
1760103000,58.54,58.54,51.91,51.91,57.081365248328815,57.94588656392696
1760362200,54.23,55.26,53.62,55.13,57.00484112094337,57.43390718866751
1760448600,54.11,58.55,54.11,58,57.04386695933775,57.53683315436433
1760535000,59.9,60.48,57.78,58.43,57.09822511779509,57.69922712629809
1760621400,58.91,58.91,53.92,54.43,56.99358883866587,57.104822194243894
1760707800,55.78,55.78,54.14,55,56.91540888420839,56.722127249835914
1760967000,57.22,58.17,56.79,58.15,56.96382422208257,56.98174047713847
1761053400,58.56,59.27,58.01,58.94,57.041321311412666,57.337787663113296
1761139800,58.64,59.05,57.1,57.99,57.07852439723962,57.456371724365425
1761226200,59.03,59.36,58.24,58.79,57.14564108754395,57.69884959266262
1761312600,61.44,61.44,59.65,59.66,57.24424339783634,58.055422393996686
1761571800,61.13,61.13,59.78,59.78,57.343684833215306,58.36898195872456
1761658200,59.7,59.73,58.35,58.81,57.40118738877549,58.449167057138276
1761744600,58.2,58.21,54.5,54.95,57.305062393137234,57.812954864931314
1761831000,55.45,56.29,54.34,54.39,57.19074622085734,57.1905994349438
1761917400,54.07,55.19,54.07,54.76,57.09542283964725,56.74867226495402
1762180200,53.72,53.72,52.33,53.49,56.95403370868069,56.15618639859874
1762266600,52.32,52.93,51.83,51.83,56.75309121030106,55.36960705339897
1762353000,52.83,54.35,52.44,53.43,56.62277390793631,55.01695122550825
1762439400,54.84,54.84,51.72,51.74,56.43129257821332,54.42114191177948
1762525800,51.98,53.22,50.62,53.13,56.30183012416574,54.18638883691048
1762785000,55.64,55.64,53.5,54.12,56.21626815851218,54.17431813929039
1762871400,55.66,56.14,55.43,55.72,56.19680666209994,54.455351204873956
1762957800,57.32,57.41,55.95,55.98,56.188304440056804,54.73256007671505
1763044200,55.96,55.96,53.68,53.82,56.09542975613301,54.566640062766865
1763130600,53.2,53.84,52.64,53.47,55.99247172648073,54.36725096044562
1763389800,53.5,53.5,49.32,49.33,55.73119832544227,53.451387149455506
1763476200,49.38,50.64,49.38,50.14,55.511935646013164,52.849316758645415
1763562600,50.31,50.47,48.9,49.34,55.269898954012646,52.21125916616443
1763649000,52.49,52.49,47.4,47.43,54.962451936208225,51.3419393177709
1763735400,49.92,52.87,49.72,51.94,54.8439244092981,51.45067762363074
1763994600,51.33,52.59,51.33,51.93,54.729652863835426,51.537827146606965
1764081000,54.16,56.08,54.16,56.06,54.78182333976345,52.36004039267843
1764167400,57.23,57.84,56.72,56.75,54.859006738204094,53.1582148667369
1764340200,57.16,57.89,57.16,57.78,54.97355549356864,53.9985394364211
1764599400,57.41,57.65,56.24,56.24,55.023219984016926,54.40607772070817
1764685800,56.5,56.61,55.89,55.93,55.058779984643714,54.683154498761226
1764772200,58.09,59.25,57.95,59.25,55.22314155387337,55.513490044441006
1764858600,59.58,59.58,59.04,59.2,55.379096787054806,56.18376458181537
1764945000,60.06,60.48,59,59.19,55.52854397187619,56.73035283966712
1765204200,59.53,59.53,57.99,57.99,55.62507165925359,56.95937959609128
1765290600,59.23,59.6,58.75,58.81,55.7499708098711,57.29585603316559
1765377000,59.22,62.22,59.22,61.37,55.97036411144478,58.03660948168094
1765463400,61.89,62.76,61.8,62.56,56.22878120511361,58.85904412137531
1765549800,62.39,62.61,61.75,61.85,56.449221157854254,59.40285428112526
1765809000,61.77,61.77,60.72,60.99,56.62729091636977,59.69142623001157
1765895400,60.21,60.42,59.64,60.01,56.75994617455135,59.74934873364583
1765981800,61.07,61.7,59.4,59.57,56.87014436378463,59.716739872982956
1766068200,61.31,61.34,59.74,59.8,56.98504066324406,59.731878077895146
1766154600,60.41,60.41,59.46,59.48,57.082882205861935,59.68608206373239
1766413800,60.76,61.39,60.21,60.37,57.211788786024215,59.81043077941741
1766500200,59.93,60.15,59.57,59.82,57.31407157872915,59.81217063770515
1766586600,59.5,60.31,59.5,60.31,57.431558967798594,59.902685067213305
1766759400,60.36,60.36,59.46,60.24,57.54169391023787,59.96401505499271
1767018600,60.1,60.1,59.27,59.6,57.622411796110896,59.89783049953949
1767105000,59.56,59.89,58.89,58.93,57.67368976489086,59.721861317805036
1767191400,58.9,58.9,57.71,57.81,57.679035264306904,59.37425016911321
1767364200,58.02,58.24,57.06,57.82,57.684563293157616,59.09165922927445
1767623400,58.87,60.49,58.68,59.52,57.756541203229865,59.169539369406365
1767709800,59.42,60.65,59.42,60.56,57.866480763887516,59.422350393150666
1767796200,61.52,61.52,58.93,59.04,57.912501126088,59.35283213985054
1767882600,60.91,62.38,60.87,61.95,58.070834415261025,59.82504447805953
1767969000,61.77,63.11,61.77,62.57,58.247272281329224,60.32412730023053
1768228200,62.11,63.29,61.98,63.18,58.440712584022194,60.843376882006794
1768314600,62.47,62.72,61.88,62.18,58.5873513062174,61.08639926709647
1768401000,62.87,63.9,62.8,63.9,58.79569047067946,61.59796303671529
1768487400,64.69,65.68,64.37,65.19,59.046447707123406,62.25106066640342
1768573800,65.16,65.16,64.35,64.36,59.254822306844055,62.6345041816028
1768919400,62.17,62.82,61.72,61.72,59.35149594186978,62.46823069403865
1769005800,64.23,64.76,63.03,64.75,59.56320198336508,62.88309784057708
1769092200,66.69,66.69,65.58,65.8,59.807782297742925,63.41344368774488
1769178600,64.69,64.69,63.37,64.14,59.97767318802752,63.54554483542763
1769437800,64.57,64.57,62.9,63.43,60.113058553202904,63.52453668353169
1769524200,63.46,63.5,62.68,63.41,60.24235037464593,63.503711831980475
1769610600,63.17,63.17,61.44,61.5,60.29166996779707,63.13940058980221
1769697000,61.3,61.82,60.55,61.81,60.3512123220011,62.89769139165635
1769783400,60.39,61.03,59.89,60.98,60.37587066231479,62.549020229537014
1770042600,61.34,62.4,61.34,61.69,60.42740514614558,62.39283473325756
1770129000,61.93,61.93,60.04,61.3,60.46162455217909,62.19413750902891
1770215400,62.66,63.22,61.84,62.14,60.52744319719167,62.18429432556911
1770301800,62.16,62.16,59.84,60,60.50675915024298,61.78714990273836
1770388200,62.51,62.51,61.79,62.26,60.5755136933707,61.87312264769503
1770647400,61.55,62.95,61.55,62.68,60.65804256814048,62.01982762084138
1770733800,63.16,63.63,62.65,62.66,60.73655070272321,62.13622259887022
1770820200,63.14,63.14,61.48,62.08,60.789234988890925,62.126000308166546
1770906600,63.25,63.25,58.89,59.8,60.75044145991481,61.70309116122717
1770993000,59.92,61.36,59.92,60.18,60.728071206584815,61.426165495549505
1771338600,59.48,60.18,59.22,59.75,60.68971547299326,61.12140813272232
1771425000,61.28,61.41,60.62,60.78,60.6932560426798,61.05933392677281
1771511400,61.47,61.47,59.8,60.68,60.692736197868825,60.990364121905024
1771597800,61.33,61.33,59.76,60.53,60.686354386187695,60.90666155428593
1771857000,60.61,60.61,57.09,57.77,60.571987547513665,60.336359453506674
1771943400,59.44,59.44,58.65,58.85,60.50445862408176,60.06611228014182
1772029800,59.08,59.42,58.25,59.38,60.4603622074511,59.94136459284331
1772116200,60.14,60.38,59.17,60.08,60.445446042453014,59.96657103050816
1772202600,59.46,59.46,58.41,58.59,60.3726834525529,59.71628538859759
1772461800,57.57,59.33,57.57,58.91,60.315323317158665,59.56968804521621
1772548200,56.87,57.31,54.02,56.62,60.17040867727009,59.03338112790417
1772634600,58.25,58.31,57.48,57.84,60.07902010169087,58.8164027410125
1772721000,57.29,57.29,54.09,55.59,59.902980097702994,58.229784060828415
1772807400,52.25,52.61,51.45,52.46,59.61109852524405,57.18073241340507
1773063000,47.34,52.54,47.34,52.28,59.32360446543056,56.28969015642233
1773149400,52.43,53.8,51.54,51.54,59.018365074629365,55.42611012798191
1773235800,52.1,52.1,49.46,50.18,58.67176252268312,54.472271922894286
1773322200,49.02,49.02,47.49,47.65,58.23953654140143,53.231858846004414
1773408600,48.44,48.44,46.12,46.26,57.7697507946798,51.96424814673088
1773667800,48.72,48.72,47.37,47.38,57.3623095870453,51.130748483688905
1773754200,49.8,49.8,47.95,47.97,56.99398372088666,50.556066941200015
1773840600,46.52,46.78,44.91,44.91,56.520102006342086,49.529509315527285
1773927000,43.97,45.96,43.62,45.1,56.07225486883848,48.72414398543142
1774013400,45.09,45.09,41.46,42.42,55.53687232496246,47.57793598808025
1774272600,45.81,47.9,45.81,46.28,55.17385772398354,47.341947626611116
1774359000,45.35,47.2,45.35,46.15,54.819980950493985,47.12522987631819
1774445400,49.13,49.13,46.95,47.04,54.51488365831775,47.109733535169426
1774531800,47.67,47.68,45.72,45.76,54.17155488740333,46.864327437865896
1774618200,45.53,45.53,42.62,42.77,53.72443508789732,46.11990426734482
1774877400,44.15,44.15,42.23,42.51,53.284653319744486,45.46355803691849