time,open,high,low,close,EMA,EMA,EMA,EMA,Plot,Plot,Plot,Shapes,Shapes
1689146100,14.82,14.82,13.51,13.53,19.275942967214,15.376590450304489,14.335893607478292,14.289591867940258,92,,,1,0
1689232500,13.44,13.61,13.12,13.58,19.219266917788985,15.306135922841568,14.263903740099407,14.160575164678393,98,,,1,0
1689318900,13.72,13.76,13.22,13.33,19.160667246965215,15.228640396455624,14.174960526756607,14.00956149837323,51,,,0,0
1689578100,13.78,14,13.43,13.5,19.10434219973173,15.160850576986777,14.110678571827407,13.916913953214461,103,,,1,0
1689664500,13.61,13.67,13.29,13.31,19.046687053465742,15.088268201418668,14.034423469748607,13.806565961720922,114,,,1,0
1689750900,13.32,13.84,13.12,13.75,18.993983699699914,15.03578709548068,14.00733552024874,13.796281241408028,115,,,1,0
1689837300,13.96,14.23,13.58,13.98,18.944093314628272,14.994383679971634,14.004732137367908,13.829684652061115,40,,,0,0
1689923700,13.87,13.89,13.37,13.59,18.890818754283714,14.939309810168824,13.965233838570965,13.78610562441364,51,,,0,0
1690182900,14.29,14.3,13.73,13.9,18.841158866181388,14.898552562711224,13.959021092040397,13.80681369270207,13,,,0,0
1690269300,14.02,14.09,13.82,13.85,18.791495593881077,14.857432854369607,13.948638130893691,13.81466574857442,22,,,0,0
1690355700,13.86,14.16,13.15,13.18,18.735659816827535,14.791651173806093,13.875434499380006,13.699271976106344,24,,,0,0
1690442100,13.14,15.02,12.74,14.4,18.69251892312776,14.77629230424507,13.925393118486673,13.826677071359736,43,,,0,0
1690528500,14.03,14.18,13.27,13.34,18.63926002837027,14.719967115843302,13.869641392916513,13.738190331112511,35,,,0,0
1690787700,13.98,14.09,13.57,13.62,18.58931714251584,14.676831150516113,13.845866022162559,13.716701180001145,55,,,0,0
1690874100,13.75,14.3,13.75,13.94,18.54305528040125,14.647935811280187,13.854831162908981,13.757300965455482,39,,,0,0
1690960500,15.7,16.48,14.95,16.1,18.518746272636065,14.704879504955473,14.068656766441459,14.183246244463577,-10,,,0,0
1691046900,16.77,17.42,15.72,15.93,18.4929876032566,14.752923445937611,14.245927550589892,14.50083783637929,5,,,0,0
1691133300,16.01,17.39,14.57,17.09,18.479027527602305,14.844573506881234,14.516791593390854,14.971594593401237,10,,,0,0
1691392500,16.9,17.36,15.77,15.77,18.452072029815216,14.8808647419055,14.636144774972678,15.11675921278283,-14,,,0,1
1691478900,16.28,18.14,15.96,15.98,18.427474298175262,14.923968085360185,14.764130986880042,15.273712083185952,-41,,,0,1
1691565300,15.81,16.87,15.38,15.95,18.40282281262128,14.964204631032334,14.877070892891467,15.396673522606688,-16,,,0,1
1691651700,15.58,16.86,14.6,15.84,18.377322088117587,14.998549547462439,14.968778426901803,15.4772783366782,-17,,,0,1
1691738100,15.53,16.51,14.84,14.86,18.342323858385075,14.993116231875677,14.958418576720678,15.365045911827618,-25,,,0,1
1691997300,15.88,16.06,14.77,14.81,18.307176357306616,14.98593520317467,14.944283474175851,15.264128473313505,-27,,,0,1
1692083700,14.95,16.57,14.91,16.45,18.288696990567246,15.043349508932526,15.087685048063864,15.479741478165595,-36,,,0,1
1692170100,16.54,16.93,15.8,16.77,18.27358557772578,15.111061292895956,15.247905519676829,15.71433393668094,-72,,,0,1
1692256500,16.96,18.13,16.4,17.9,18.26986830829567,15.220431438272584,15.500485946374274,16.111727766375314,-91,,,0,1
1692342900,17.8,18.88,17.14,17.29,18.26011837487979,15.301590989712874,15.670915856243392,16.325959081579803,-74,,,0,1
1692602100,18.03,18.11,16.88,17.14,18.248972918413326,15.373685460704527,15.810828631839259,16.473966521292567,-51,,,0,1
1692688500,16.96,17.58,16.61,16.98,18.23634632221021,15.436678187735723,15.922178285949807,16.56597260833028,-50,,,0,1
1692774900,16.64,17.1,15.91,15.97,18.213795612536476,15.457592768608832,15.926732734906969,16.45761395227023,-21,,,0,1
1692861300,15.57,17.32,15.48,17.21,18.203807596491338,15.52631462082025,16.04894866491583,16.594411415493823,-56,,,0,1
1692947700,17.21,17.36,15.45,15.67,18.17859558060585,15.531949341572396,16.012858315876226,16.426336612676764,-65,,,0,1
1693206900,16.24,16.28,15,15.08,18.1477637837839,15.514225837981321,15.924014666745157,16.181548137644626,-3,,,0,0
1693293300,15.08,15.3,14.34,14.46,18.111069616781077,15.472883648256564,15.784584698483712,15.868539385345603,10,,,0,0
1693379700,14.53,14.7,13.83,13.87,18.06886991910166,15.410025465971993,15.602243298628121,15.505168588010038,22,,,0,0
1693466100,13.98,14,13.44,13.56,18.024005541797166,15.337475447698582,15.407743936854015,15.151501572008213,15,,,0,0
1693552500,13.56,13.56,13.02,13.08,17.974811456804158,15.248946998769226,15.186054038106013,14.774864922552174,26,,,0,0
1693811700,13.62,13.82,13.51,13.82,17.93347004927377,15.192909861562589,15.055953653524488,14.60125311845178,26,,,0,0
1693898100,14.15,14.47,13.7,14,17.894331043808357,15.146129082677781,14.955386638903109,14.491934369642365,-39,,,0,1
1693984500,14.27,15.3,14.13,14.44,17.859959590636134,15.118437746102183,14.906302197102812,14.482491756980117,-54,,,0,1
1694070900,14.81,15.69,14.4,14.4,17.82553213202284,15.090263716843273,14.858082940235878,14.467493255711005,-100,,,0,1
1694157300,14.22,14.87,13.58,13.83,17.785775593395748,15.040841610300399,14.760170279261033,14.351585391036277,-72,,,0,1
1694416500,14.17,14.33,13.74,13.81,17.746215637242557,14.992573311857246,14.669677871712363,14.253115319938772,-43,,,0,1
1694502900,14.02,14.42,13.71,14.24,17.71132791945905,14.963060632960884,14.628756169644518,14.25073071631354,-39,,,0,1
1694589300,14.42,14.68,13.41,13.47,17.669125651603736,14.904509235589869,14.518398439202183,14.108779676983806,-70,,,0,1
1694675700,13.39,13.46,12.79,12.81,17.620776142632554,14.822371618507914,14.355693825944833,13.872637917532206,-40,,,0,1
1694762100,12.7,14.17,12.68,13.8,17.582758469571534,14.782278613860544,14.302770604426277,13.859431023435441,-59,,,0,1
1695021300,14.4,14.75,13.86,14.01,17.54720863405341,14.751993178022875,14.274887689719012,13.886807200992633,-84,,,0,1
1695107700,14.11,14.88,13.86,14.12,17.513107055605115,14.7272091318259,14.260136481174344,13.929205891721246,-91,,,0,1
1695194100,14.18,15.15,13.57,15.13,17.489394547589143,14.743004852146452,14.342980625824406,14.147532093226474,-80,,,0,1
1695280500,15.49,17.54,15.1,17.54,17.48989808442905,14.852690936376003,14.647458661460178,14.76434443991257,-170,,,0,1
1695366900,17.31,17.41,15.93,17.19,17.48691402388747,14.944350115341651,14.889605455606828,15.20537272356483,-135,,,0,1
1695626100,17.25,18.41,16.79,16.89,17.480974580863712,15.02065011081845,15.080119221739512,15.511668592007588,-154,,,0,1
1695712500,18.03,19.5,17.17,18.93,17.495392744238202,15.173957949609882,15.446774533954796,16.133183393460754,-145,,,0,1
1695798900,18.29,19.71,18.03,18.21,17.502503264196033,15.2930184221742,15.70993886405434,16.510786412831525,-113,,,0,1
1695885300,18.22,18.77,17.06,17.34,17.500886316293585,15.373292209539917,15.865182781763451,16.661552519589428,-109,,,0,1
1695971700,16.87,17.74,15.83,17.51,17.50097699971355,15.4570846719109,16.021832040643122,16.815815697845895,-48,,,0,1
1696230900,17.31,18.55,16.93,17.6,17.501962303198987,15.541120567130081,16.172133751058063,16.958394661873914,-162,,,0,1
1696317300,17.81,20.48,17.52,19.78,17.5246293449582,15.70735113312498,16.515740060481104,17.471413814260476,-227,,,0,1
1696403700,20.72,20.88,18.3,18.57,17.535031043018318,15.819611873002431,16.71138386424481,17.67115675712221,-192,,,0,1
1696490100,18.67,19.58,18.26,18.48,17.54443371920719,15.9239408191592,16.879823496221494,17.81821916491817,-131,,,0,1
1696576500,18.73,19.93,17.19,17.44,17.54339457772254,15.983394120368642,16.933173639438493,17.749452044023958,-115,,,0,1
1696835700,19.54,19.6,17.56,17.69,17.544853338143213,16.0503198411385,17.00525234044435,17.738642581474146,-104,,,0,1
1696922100,17.7,17.86,16.51,17.02,17.539630916868155,16.088346514035027,17.00665687944965,17.60798029393339,-26,,,0,1
1697008500,16.95,17.78,16.09,16.1,17.525306231128173,16.088803513484635,16.920308605216352,17.333802058672774,-55,,,0,1
1697094900,16.08,18.08,15.44,16.7,17.51709422882839,16.112772003151903,16.899326833290985,17.21856532073227,-145,,,0,1
1697181300,16.53,20.78,16.5,19.31,17.534934087248008,16.238153493224377,17.128914753929937,17.59882617150822,-159,,,0,1
1697440500,19.1,19.57,17.14,17.2,17.531601409762953,16.275872964078324,17.13568477736518,17.52631232214309,-64,,,0,1
1697526900,17.41,18.54,16.97,17.89,17.53516756488969,16.339172063526235,17.20752432237802,17.59243735448071,-30,,,0,1
1697613300,18.36,20.15,17.88,19.21,17.551832564244023,16.45175355123109,17.398236291675353,17.886539653666038,-116,,,0,1
1697699700,19.73,21.4,18.55,21.4,17.590122787485377,16.645802431574968,17.77935664484913,18.52535062572676,-177,,,0,1
1697786100,21.59,21.83,20.42,21.7,17.631017088107413,16.844006257787715,18.152751250101595,19.10255960286735,-220,,,0,1
1698045300,21.83,23.08,19.48,20.36,17.658171146932215,16.981888365325453,18.362965416758584,19.33118512961874,-257,,,0,1
1698131700,20.03,20.24,18.65,18.96,17.671124667858262,17.059461370606808,18.419825853257766,19.263696924233514,-149,,,0,1
1698218100,19.39,21.24,18.86,20.18,17.696088601511413,17.18183543450458,18.587461486280837,19.430297483463786,-253,,,0,1
1698304500,21.78,21.96,20.22,20.67,17.72567975970533,17.318626201778912,18.785798487587424,19.655697941015823,-191,,,0,1
1698390900,20.39,22.07,19.72,21.26,17.7608471252804,17.473189880140524,19.021436726864813,19.947389224467493,-239,,,0,1
1698650100,21.13,21.16,19.55,19.74,17.780540188710447,17.562084394644817,19.08987132430626,19.90968209274613,-186,,,0,1
1698736500,19.86,19.86,17.97,18.13,17.78401740076308,17.584355594854824,18.99845500770566,19.58610353042865,-97,,,0,1
1698822900,18.02,18.42,16.63,16.86,17.774823197770413,17.55594949309581,18.794792626019408,19.090448343077988,-120,,,0,1
1698909300,16.59,16.62,15.58,15.65,17.753680678389614,17.481206375719502,18.49528856639851,18.464912280700172,-40,,,0,1
1698995700,15.7,15.83,14.91,14.91,17.725385348256385,17.380374753142267,18.153832512455796,17.81856459330014,19,,,0,0
1699258500,15.39,15.58,14.84,14.9,17.69727206120906,17.283105154979825,17.843943701745722,17.287916485427388,2,,,0,0
1699344900,15.1,15.17,14.71,14.8,17.668443483485586,17.18572848223552,17.554044301579463,16.835568033531498,-6,,,0,0
1699431300,14.91,15.09,14.3,14.44,17.63631966772951,17.078052855481186,17.25746865380999,16.400010209253043,-48,,,0,1
1699517700,14.61,15.57,14.13,15.28,17.61287370088643,17.00754097879565,17.069138305828087,16.196371989388854,-84,,,0,1
1699604100,15.09,15.45,14.16,14.18,17.578715753613928,16.89665701884288,16.793982276701602,15.829758900409063,-80,,,0,1
1699863300,15.16,15.19,14.58,14.77,17.55076833317996,16.813258704378455,16.601222059872878,15.637075463971051,-30,,,0,1
1699949700,14.83,14.86,13.91,14.15,17.51692984230255,16.708817186559692,16.367772339884986,15.366698106885405,72,,,0,0
1700036100,14.21,14.35,13.97,14.17,17.483627057802025,16.609255728263232,16.15846068846737,15.14911663290624,77,,,0,0
1700122500,14.12,14.42,13.68,14.33,17.45224768409255,16.519873150684283,15.98432157528,15.000186336014197,-4,,,0,0
1700208900,14.18,14.19,13.67,13.81,17.41600641360407,16.413603615363332,15.777243330015237,14.783788820375252,27,,,0,0
1700468100,14.26,14.31,13.39,13.42,17.376245155757264,16.296207395153004,15.552743965251882,14.535827216670661,49,,,0,0
1700554500,13.45,14.31,13.13,13.34,17.336083512416394,16.180277693382298,15.342006444751702,14.318404086366904,16,,,0,0
1700640900,13.08,13.25,12.82,12.86,17.29154536801424,16.050070725014365,15.105624878584873,14.053239707027467,49,,,0,0
1700727300,12.84,12.87,12.75,12.79,17.246753871815095,15.922224814229487,14.885089175862504,13.8235597602952,49,,,0,0
1700813700,13.03,13.17,12.45,12.45,17.19902497756818,15.786059135240096,14.653175921018455,13.57382162205971,49,,,0,0
1701072900,13.14,13.28,12.64,12.68,17.15405955490581,15.664252894642445,14.465254404730983,13.411308599867034,48,,,0,0
1701159300,12.78,14.3,12.56,12.7,17.109740554359483,15.548007683087839,14.297134937613746,13.281979763527573,14,,,0,0
1701245700,12.71,13.1,12.48,12.99,17.068748111032523,15.44769365630008,14.172645895936247,13.228892533795287,42,,,0,0
1701332100,13.07,13.39,12.82,12.91,17.027367532813294,15.348176258013803,14.052393905847081,13.170912073105235,29,,,0,0
1701418500,12.94,12.96,12.48,12.62,16.98351312950172,15.241188953777968,13.91597543862355,13.070746241631555,69,,,0,0
1701677700,13.28,13.7,12.98,13.09,16.94477170532757,15.156828602649421,13.837311111135593,13.074246924971273,102,,,1,0
1701764100,13.26,13.76,12.81,12.86,16.9041272107472,15.066756892741601,13.744233862456012,13.03529293861286,62,,,0,0
1701850500,12.78,13.03,12.64,12.96,16.864882163874093,14.984138975379185,13.669544923174486,13.021603313410523,66,,,0,0
1701936900,13.17,13.28,12.95,13.07,16.827122142343008,14.909074701834903,13.612445406681678,13.030402710972247,47,,,0,0
1702023300,13.14,13.24,12.35,12.35,16.782573663314718,14.808718831174712,13.492212510807231,12.90669312715911,68,,,0,0
1702282500,13.05,13.14,12.61,12.64,16.741354024873775,14.723671033873742,13.411049414539876,12.858203467675636,78,,,1,0
1702368900,12.69,12.74,11.81,12.08,16.69497239278548,14.61999765999634,13.284282803631317,12.716711928098247,72,,,1,0
1702455300,12.2,12.46,11.82,12.18,16.650047294349804,14.524311477251386,13.179113012809287,12.619127941171293,136,,,1,0
1702541700,11.96,12.74,11.84,12.47,16.608454783958262,14.44375024284937,13.111578440160784,12.59201377004924,212,,,1,0
1702628100,12.12,12.54,12.01,12.27,16.56528607964027,14.35850513528665,13.031428112526424,12.53346581185847,120,,,1,0
1702887300,12.62,12.64,12.4,12.57,16.52553198929559,14.288367679000899,12.987482578000098,12.540108391520567,86,,,1,0
1702973700,12.6,12.6,12.33,12.52,16.485675949601106,14.219019926883217,12.942960427714373,12.536452320335009,146,,,1,0
1703060100,12.63,13.93,12.29,13.66,16.45755977099811,14.197097576809366,13.011249910789195,12.740733716637735,169,,,1,0
1703146500,13.4,14.49,13.34,13.66,16.42972335536629,14.17603492673841,13.073035633571177,12.90787304088542,53,,,0,0
1703232900,13.72,13.96,13,13.04,16.39599476476563,14.13148453745455,13.069889382754875,12.931896124360797,147,,,1,0
1703578500,13.77,13.8,12.96,12.98,16.36200476710627,14.086328281083784,13.061328489159173,12.940642283567925,190,,,1,0
1703664900,13.02,13.04,12.37,12.42,16.322780839075364,14.02098207398246,13.000249585429728,12.845980050191939,199,,,1,0
1703751300,12.44,12.65,12.38,12.48,16.284544213810932,13.96055140441452,12.950702005864992,12.779438222884313,124,,,1,0
1703837700,12.55,13.19,12.36,12.44,16.246290042529232,13.900921937574735,12.902063719592135,12.717722182359893,61,,,0,0
1704183300,13.22,14.23,13.1,13.21,16.216078201310037,13.873826959630627,12.931390984392884,12.80722724011264,53,,,0,0
1704269700,13.35,14.22,13.33,14.03,16.194326179406453,13.879951392586289,13.036020414450704,13.02954956009216,22,,,0,0
1704356100,13.93,14.2,13.64,14.14,16.173885122894944,13.890149377190749,13.14116132736016,13.231449640075404,40,,,0,0
1704442500,14.24,14.58,13.29,13.34,16.145687260975592,13.86857489181072,13.16009834380205,13.251186069152602,17,,,0,0
1704701700,14,14.18,13.02,13.07,16.11508340763255,13.837258229386771,13.151517549154235,13.218243147488494,43,,,0,0
1704788100,13.2,13.45,12.74,12.77,16.081798995616307,13.79540496548925,13.11518254447288,13.136744393399676,30,,,0,0
1704874500,12.86,12.95,12.67,12.68,16.04795024939127,13.751663594293595,13.073736587856414,13.053699958236098,28,,,0,0
1704960900,12.64,13.31,12.35,12.43,16.011950744422204,13.699833649419336,13.012428341393898,12.940299965829535,5,,,0,0
1705047300,12.66,13.08,12.47,12.69,15.978896508159297,13.660232329834264,12.981720880308766,12.894790881133256,30,,,0,0
1705306500,13.23,13.34,13.2,13.24,15.951643806585572,13.643752630625077,13.00631889170793,12.957556175472664,30,,,0,0
1705392900,14.12,14.35,13.52,13.83,15.930532922937955,13.651056449031936,13.08476471154527,13.116182325386726,-3,,,0,1
1705479300,14.59,15.4,14.38,14.8,15.919283839127626,13.69611305887382,13.248120453302864,13.42233099349823,-31,,,0,1
1705565700,14.85,14.89,13.89,14.12,15.901380517345261,13.712736076172886,13.331156600607352,13.549179903771279,-6,,,0,1
1705652100,13.8,14.58,13.28,13.31,15.875595636575657,13.696942504558264,13.329141686263794,13.505692648540137,15,,,0,1
1705911300,13.77,13.84,13.17,13.18,15.84877378944555,13.676670249477548,13.314937716143433,13.44647580335102,105,,,1,0
1705997700,13.2,13.29,12.53,12.54,15.81585066716251,13.632094945576467,13.241134124129772,13.281662020923562,71,,,0,0
1706084100,12.66,13.18,12.41,13.13,15.789125784902186,13.612404947710724,13.230549921831699,13.254087108028369,98,,,1,0
1706170500,13.18,13.58,13.06,13.46,15.765950403957886,13.606428283094617,13.25240231022868,13.291525815659574,68,,,0,0
1706256900,13.73,14.1,13.2,13.25,15.740916071580196,13.592450703365417,13.25217351877833,13.283975667357833,67,,,0,0
1706516100,13.98,15.35,13.59,13.61,15.719712926589349,13.593138911076577,13.28625223127563,13.343252818747318,91,,,1,0
1706602500,13.69,13.74,13.23,13.32,15.69583518602627,13.582427581230437,13.289466304487476,13.339025033520533,99,,,1,0
1706688900,13.42,14.61,13.18,14.34,15.682344288652875,13.612136303535125,13.389517132631527,13.521020481971345,35,,,0,0
1706775300,14.21,14.63,13.87,13.87,15.664311012148866,13.622248605357278,13.435277405714238,13.5844713034311,17,,,0,0
1706861700,13.95,14.23,13.39,13.84,15.646158663769276,13.630787875735423,13.473822414693835,13.630931066443626,5,,,0,1
1707120900,14.37,14.53,13.58,13.68,15.626594895970577,13.632717762961486,13.493458375199184,13.639852690726602,-25,,,0,1
1707207300,13.57,13.78,12.98,13.05,15.600957135811665,13.609866085982604,13.451224244227832,13.532606746958129,22,,,0,0
1707293700,13.06,13.13,12.81,12.82,15.573285920529957,13.578890945355836,13.391107649539467,13.403041883874833,53,,,1,0
1707380100,12.95,13.17,12.74,12.8,15.545691035748565,13.548346202400705,13.33481168291666,13.293397904988499,76,,,1,0
1707466500,12.79,13.01,12.69,12.92,15.519564756785892,13.523705174855579,13.295305808353168,13.225507376808771,121,,,1,0
1707725700,13.48,13.94,13.34,13.94,15.503847694529316,13.540030462116144,13.356705255176676,13.355415126479903,146,,,1,0
1707812100,13.96,17.94,13.43,15.84,15.507192493588725,13.630225345954727,13.593209516588422,13.807157830756283,-29,,,0,1
1707898500,15.38,15.47,14.22,14.39,15.496076150368937,13.66002043042709,13.66909432453238,13.913129134255142,41,,,0,0
1707984900,14.27,14.64,13.94,14,15.48118982051452,13.673352962567204,13.700609150767391,13.928923837117843,104,,,1,0
1708071300,13.94,14.71,13.75,14.25,15.468939175534278,13.695966571878294,13.752932088789544,13.987301321278235,96,,,1,0
1708330500,14.72,14.78,14.65,14.7,15.46128803945931,13.735340431804635,13.84312903271435,14.116882899227646,96,,,1,0
1708416900,15.09,15.91,15.07,15.41,15.460777710708472,13.80101335604759,13.992354839122507,14.351995099368073,21,,,0,0
1708503300,15.54,16.12,15.22,15.35,15.459675444930278,13.861757930320234,14.121654378253696,14.533450535846605,-1,,,0,0
1708589700,14.28,14.64,14.12,14.53,15.450424942990674,13.887963501680225,14.16054443746763,14.532823165692676,44,,,0,0
1708676100,14.31,14.31,13.64,13.74,15.433405789329075,13.882161011418257,14.120492586280237,14.3886734992031,43,,,0,1
1708935300,14.17,14.2,13.66,13.73,15.416456477992467,13.876193912931265,14.08330281615831,14.268914681166173,84,,,1,0
1709021700,13.63,13.75,13.41,13.42,15.396591239405478,13.858303955561412,14.020131119381329,14.114566557317778,109,,,1,0
1709108100,13.52,13.9,13.44,13.83,15.38100326687408,13.857193996519788,14.002023393725965,14.06282718326,62,,,1,0
1709194500,14.14,14.15,13.3,13.39,15.36119228909424,13.838872663322933,13.943735451466349,13.940494968121818,87,,,1,0
1709280900,13.34,13.66,13.08,13.12,15.338891868307233,13.81068157848674,13.8652844560886,13.791314064826942,110,,,1,0
1709540100,13.49,13.58,13.32,13.48,15.320395431806663,13.797713673448044,13.828590698365877,13.73471150758568,110,,,1,1
1709626500,13.75,15.1,13.75,14.45,15.31173478074391,13.823293529391258,13.887772536616746,13.864763960751919,22,,,0,1
1709712900,14.27,14.93,13.89,14.51,15.303757320238995,13.850223194905325,13.947032295034198,13.98207960425157,40,,,0,1
1709799300,14.98,14.98,14.25,14.43,15.29506321755005,13.872959540203155,13.993029219316655,14.06351967620583,68,,,1,0
1709885700,14.22,15.53,13.97,14.73,15.289440697972438,13.90656896999911,14.063216912715069,14.18469791689568,85,,,1,0
1710141300,15.51,16.04,15.13,15.21,15.288650243266245,13.957683912352087,14.172434349599348,14.3711164774601,18,,,0,0
1710227700,14.97,15.2,13.81,13.83,15.274136310497427,13.952676700102986,14.13982155439941,14.272731663376446,-7,,,0,0
1710314100,13.89,14.04,13.67,13.74,15.25887127258203,13.944336437353849,14.101743311123276,14.175871360944365,35,,,0,0
1710400500,13.62,15.33,13.42,14.39,15.250225787282707,13.96181343981056,14.129196329111535,14.214803840772662,-40,,,0,1
1710486900,14.33,15.53,14.14,14.42,15.241964834175416,13.979781540210146,14.156891916815198,14.252112233359451,-22,,,0,1
1710746100,14.75,14.85,14.26,14.34,15.232990059706008,13.993907754319553,14.174330781880418,14.268091827294096,-6,,,0,1
1710832500,14.5,14.86,13.8,13.83,15.219029959609431,13.987479999248198,14.141537374082283,14.18843876778608,-2,,,0,0
1710918900,13.83,14.17,13.01,13.03,15.197248566976501,13.949931763983562,14.035676671788732,13.97781353727952,29,,,0,0
1711005300,12.98,13.08,12.4,12.91,15.17448987476778,13.909150126180284,13.928469369713614,13.783665621410517,109,,,1,0
1711091700,12.92,13.15,12.58,13.05,15.153350672033772,13.875457964369293,13.84480562021708,13.65027187206315,37,,,0,0
1711350900,13.67,13.67,13.11,13.2,15.133914346938909,13.848969416746968,13.783395561148787,13.56840425896076,26,,,0,1
1711437300,13.12,13.43,12.84,13.23,15.114969925576332,13.824696106286302,13.730691221991759,13.506876211876985,14,,,0,1
1711523700,13.13,13.34,12.66,12.77,15.091636891490996,13.783335474667231,13.639196819897306,13.372898718808443,66,,,0,0
1711610100,12.93,13.1,12.84,13,15.070824584112977,13.752616436444987,13.578320932288038,13.305098951752363,105,,,1,0
1711955700,13.61,14.15,13.55,13.66,15.056786528549663,13.748984419329497,13.58609989111775,13.369626415070115,53,,,0,0
1712042100,13.74,15.43,13.68,14.6,15.052241388962104,13.782357579355791,13.682661806249392,13.593330703239186,-16,,,0,1
1712128500,15,15.18,14.25,14.32,15.044955404992331,13.803441595851643,13.743360681844688,13.725452393559333,10,,,0,1
1712214900,14.29,16.92,13.74,16.34,15.057841420863054,13.902914474445696,13.990659664526147,14.200824685639455,51,,,0,0
1712301300,16.45,16.75,15.53,16.02,15.067415138068398,13.98593743623214,14.183930172666514,14.531583833705009,-10,,,0,1
1712560500,16.24,16.5,15.11,15.18,15.068535385450803,14.032763419124997,14.278793965745894,14.64947768212228,31,,,0,0
1712646900,15.34,16.63,14.94,14.97,15.067554933854277,14.069517794845586,14.344623111865333,14.707754467190956,13,,,0,0
1712733300,15.24,16.62,14.59,15.81,15.074942446950255,14.137771998969288,14.484182815497206,14.908162745883509,-80,,,0,1
1712819700,16.02,17.61,14.91,14.92,15.073400731060202,14.168447606852846,14.525689214021282,14.910314973904688,-31,,,0,1
1712906100,14.91,19.2,14.91,17.3,15.095555947666568,14.291253583054695,14.789909288876398,15.344803160467473,-87,,,0,1
1713165300,16.94,19.46,16.26,19.22,15.136595191968393,14.484537756268237,15.211822689935788,16.04938440401884,-138,,,0,1
1713251700,19.49,19.56,17.64,18.39,15.168967379112987,14.637693138375365,15.514506243275237,16.474950876015416,-161,,,0,1
1713338100,18.24,19.11,17.54,18.22,15.199325912654151,14.77817576039986,15.772172315344262,16.792232534921705,-110,,,0,1
1713424500,17.91,18.37,17.21,18.01,15.2272928189959,14.904913965874375,15.985298761501952,17.013644801299577,-117,,,0,1
1713510900,21.33,21.36,18.17,18.7,15.261847119304399,15.053740869173419,16.243841736597005,17.320254837426926,-93,,,0,1
1713770100,18.59,18.72,16.69,16.93,15.278445655430723,15.127319658617598,16.309190142635387,17.249299412440212,-54,,,0,1
1713856500,16.72,16.76,15.69,15.69,15.28254072353589,15.149385554358084,16.25021965286059,16.965790428360172,10,,,0,0
1713942900,15.76,16.38,15.58,15.96,15.289281611858916,15.181174356147963,16.222579685921485,16.782919441385594,-14,,,0,0
1714029300,16.25,17.55,15.27,15.38,15.290184282387683,15.188971440220593,16.14233400154801,16.527843179315486,-84,,,0,1
1714115700,15.49,16.06,14.92,15.02,15.287495881567905,15.18234510923155,16.03544504901963,16.253689873985397,-6,,,0,0
1714374900,15.37,15.42,14.63,14.68,15.281451146427926,15.16264530102639,15.906355044351093,15.967564442351689,19,,,0,0
1714461300,14.82,15.9,14.67,15.64,15.285018796712226,15.181365093143002,15.880987897270037,15.908007271015018,-30,,,0,1
1714547700,15.75,16.22,14.35,15.38,15.285963883312105,15.189154697333473,15.8332747641967,15.812005949012288,-8,,,0,1
1714634100,15.14,16.09,14.6,14.67,15.279834889448303,15.168795689594905,15.722486691416062,15.604368503737327,10,,,0,0
1714720500,14.51,14.58,13.48,13.48,15.261926084578171,15.102568407650006,15.508916530328818,15.218119684875994,66,,,0,0
1714979700,13.98,14.02,13.44,13.48,15.244195476771424,15.038938274016672,15.315686384583216,14.90209792398945,73,,,0,0
1715066100,13.52,13.64,13.16,13.22,15.224054228246334,14.967607361310137,15.1160972050991,14.59626193780955,73,,,0,0
1715152500,13.24,13.51,12.94,12.99,15.201824832940401,14.890054131454837,14.913611756994424,14.304214312753267,18,,,0,0
1715238900,13.08,13.29,12.68,12.68,15.176732048533035,14.80338534198602,14.70088682775686,14.0089026195254,52,,,0,0
1715325300,12.77,12.96,12.5,12.56,15.150694913721761,14.715409446221862,14.496992844160967,13.745465779611692,52,,,0,0
1715584500,13.26,13.66,13.25,13.59,15.135165611097664,14.671275742448456,14.410612573288494,13.717199274227747,57,,,0,0
1715670900,13.71,14.03,13.27,13.41,15.117999784121567,14.621813948626947,14.31531613773721,13.661344860731793,60,,,0,0
1715757300,13.73,13.94,12.38,12.44,15.091353020100456,14.536252617308243,14.136714600809857,13.439282158780557,86,,,1,0
1715843700,12.52,12.67,12.33,12.41,15.064672890547218,14.452870161727528,13.972265591208918,13.252139948093182,55,,,0,0
1715930100,12.28,12.48,11.91,11.98,15.033979627954709,14.355894861267625,13.782526011093783,13.020841775712604,35,,,0,0
1716189300,12.27,12.59,12.07,12.14,15.00518381076113,14.268997023570856,13.626094962418184,12.86068872558304,53,,,1,0
1716275700,12.3,12.56,11.84,11.85,14.973788946972462,14.174134395195528,13.456943061235501,12.676927139113397,26,,,0,0
1716362100,12.05,12.81,11.78,12.3,14.947184081828457,14.100638928717272,13.346758007784501,12.60839493200187,26,,,0,0
1716448500,11.53,13.37,11.52,12.78,14.925620061113746,14.048849166806791,13.292781054662168,12.639595853456076,-16,,,0,1
1716534900,12.86,12.89,11.89,11.92,14.895713393838982,13.965364885755545,13.1620400018372,12.50876024373679,11,,,0,0
1716794100,12.41,12.49,12.35,12.37,14.87058191728337,13.902801556902386,13.086607620709847,12.483531108511919,11,,,0,0
1716880500,12.51,13.44,12.36,12.91,14.851073639499457,13.863868162514057,13.069787847308909,12.561070906964297,27,,,0,0
1716966900,13.75,14.32,13.69,14.27,14.845291812240756,13.879794901238997,13.184093766612822,12.871785287516243,-38,,,0,1
1717053300,14.82,14.88,13.67,14.46,14.841458062865225,13.90254804236688,13.30560864598303,13.160551598876927,12,,,0,0
1717139700,14.5,14.87,12.84,12.91,14.822239574677512,13.86362458972504,13.267931632079884,13.114996762717485,6,,,0,0
1717398900,13.08,14.31,13,13.12,14.80530186746679,13.834462841108373,13.253842905215134,13.115906442223396,25,,,0,0
1717485300,13.51,14.08,13.11,13.15,14.788831202118862,13.807621161064906,13.243953104718454,13.122105270910051,-27,,,0,1
1717571700,13.14,13.25,12.6,12.62,14.76725079214753,13.761047782199617,13.184528999507172,13.03081340347186,8,,,0,0
1717658100,12.75,12.98,12.54,12.57,14.745387600185863,13.714340026034925,13.126002428125537,12.947029148295158,14,,,0,0
1717744500,12.69,13.08,12.11,12.21,14.720159862870581,13.655346299523751,13.03876410163739,12.813023848605129,-31,,,0,1
1718003700,13.09,13.28,12.62,12.75,14.7005562821455,13.61984252307184,13.011262758624305,12.80156496704056,-51,,,0,1
1718090100,12.85,13.47,12.78,12.86,14.68224228928833,13.590044777069023,12.996856781612466,12.812189518487731,-24,,,0,1
1718176500,13.1,13.15,11.94,12.03,14.655851818748149,13.528866550517296,12.90477518336366,12.669973242399053,57,,,0,0
1718262900,12.05,12.68,11.88,11.95,14.628927920054137,13.466950215202893,12.8138442135195,12.539069016508316,-33,,,0,1
1718349300,12.22,13.45,12.12,12.65,14.60923709497897,13.434912951861604,12.79824000270812,12.559238286234077,-89,,,0,1
1718608500,13.07,13.29,12.5,12.74,14.590637720899577,13.407661463553305,12.792693335783538,12.592104052373335,-53,,,0,1
1718694900,12.7,12.74,12.24,12.29,14.567745803278687,13.36383160223749,12.74481777999463,12.537176042850911,-32,,,0,1
1718781300,12.32,12.55,12.32,12.49,14.547071715683874,13.329563696267392,12.720549419995141,12.528598580514382,-32,,,0,1
1718867700,12.5,13.55,12.18,13.27,14.534364534433289,13.32722786504122,12.772878046662271,12.663398838602676,-64,,,0,1
1718954100,13.22,13.78,12.99,13.19,14.520987772896639,13.321846380137643,12.81260394698015,12.75914450431128,-57,,,0,1
1719213300,13.85,13.88,13.15,13.34,14.509236650778265,13.322558286798913,12.86283214250585,12.864754594436501,-23,,,0,1
1719299700,13.48,13.52,12.84,12.84,14.492627330870024,13.303634432414642,12.860657652743388,12.86025375908441,-61,,,0,1
1719386100,12.81,13.24,12.37,12.54,14.473198203199676,13.273687984084656,12.830118828672589,12.802025802887243,-58,,,0,1
1719472500,12.69,12.77,12.21,12.25,14.45107682804346,13.233543357257807,12.774869416418056,12.701657475089563,-23,,,0,1
1719558900,12.24,12.76,11.87,12.45,14.431165615824122,13.202816166777108,12.743929471997289,12.655901570527824,3,,,0,0
1719818100,12.98,13.26,12.1,12.23,14.409263470393036,13.164666513178005,12.694983807997547,12.578464921340947,-28,,,0,1
1719904500,12.67,12.88,11.85,12.02,14.385489704518479,13.11977763030828,12.630699635807304,12.476925844733502,-40,,,0,1
1719990900,12.13,12.23,11.95,12.08,14.362549508453618,13.079002036962857,12.578252051444704,12.40475750932741,-40,,,0,1
1720077300,12.1,12.35,12.09,12.27,14.341728120309801,13.047276466885881,12.548894713211874,12.380256143995155,4,,,0,0
1720163700,12.37,12.61,11.84,12.47,14.323103959908709,13.024638174066826,12.54138093100122,12.396573208723309,-43,,,0,1
1720422900,12.91,12.91,12.31,12.36,14.303570587173299,12.998573931946558,12.52410655662015,12.38992353440998,16,,,0,0
1720509300,12.48,12.61,12.35,12.5,14.285624611181525,12.979022013046693,12.521810694084898,12.40993743724453,-23,,,0,1
1720595700,12.51,12.92,12.39,12.84,14.271240286692157,12.973570169397803,12.552114437505384,12.488130630472797,-6,,,0,1
1720682100,12.88,13.33,12.23,12.91,14.257695607222583,12.971077221578282,12.586198776790585,12.564834152205016,108,,,1,0
1720768500,12.87,12.89,12.11,12.45,14.239708586255194,12.950642820732075,12.573227464715291,12.543955215440468,140,,,1,0
1721027700,12.78,13.26,12.75,13.13,14.228666709775043,12.957676435605327,12.626253420456692,12.65050881263311,181,,,1,0
1721114100,13.38,13.47,12.95,13.2,14.21843122012554,12.967179320483549,12.68089595184177,12.750416301245272,270,,,1,0
1721200500,13.6,14.88,13.54,14.47,14.220934392064589,13.026113464778312,12.851286813571125,13.063067882837041,229,,,1,0
1721286900,14.27,16.43,14.08,15.92,14.237840517516682,13.139599211257595,13.143545212278637,13.58251008595758,138,,,1,0
1721373300,16.44,17.19,10.62,16.51,14.260449069581194,13.271771791208277,13.464159953966385,14.11478097941984,6,,,0,0
1721632500,16.79,16.89,14.75,14.9,14.266812760431131,13.33562387782756,13.600906625017206,14.257548074070778,63,,,0,0
1721718900,15.21,15.35,13.9,14.71,14.271222583710424,13.389520980657851,13.706534565491758,14.339812060603364,190,,,1,0
1721805300,15.35,18.46,15.18,18.03,14.308623354021764,13.571500550043817,14.118293178302066,15.010755322311844,105,,,1,0
1721891700,18.41,19.36,16.42,18.47,14.350030086817567,13.763598567689158,14.532741447035203,15.639708900073327,143,,,1,0
1721978100,17.97,18.05,16.37,16.38,14.370228792421372,13.866202545426837,14.708670833031851,15.774307281878176,158,,,1,0
1722237300,16.59,17.21,16.23,16.59,14.392316068118673,13.973018131880687,14.88784503940977,15.922615048809417,89,,,1,0
1722323700,16.64,18.32,16.26,17.68,14.425029341072715,14.11838996984615,15.153764559465982,16.242139585389523,78,,,1,0
1722410100,16.66,16.77,15.71,16.37,14.444382282952589,14.206688402401204,15.269596506183508,16.26538693350052,133,,,1,0
1722496500,16.2,19.48,15.95,18.58,14.485532707997836,14.378190817993314,15.584873029404125,16.68622567286406,-6,,,0,1
1722582900,20.52,29.66,20.01,23.38,14.57403487010731,14.73120294277789,16.32726607422278,17.90327555052514,-90,,,0,1
1722842100,23.39,65.73,23.39,38.56,14.812701189807735,15.665665572472873,18.44466930524918,21.659043632247844,-216,,,0,1
1722928500,33.71,34.77,24.02,27.7,14.940933018764872,16.13760025590531,19.326129371415927,22.757399335475508,-40,,,0,1
1723014900,24.77,29.76,21.97,27.84,15.06928194395129,16.59651789292863,20.13697419318584,23.681508547207233,-61,,,0,1
1723101300,28.34,29.47,23.36,23.78,15.155955755454263,16.878223073598097,20.483929031930046,23.699416084078646,-60,,,0,1
1723187700,23.78,24.52,20.26,20.36,15.207737290225863,17.014763345221702,20.472126266984326,23.092249523337074,-34,,,0,1
1723446900,20.79,21.19,18.89,20.72,15.262585675397744,17.1600667434483,20.495733289176293,22.660931428184877,-46,,,0,1
1723533300,20.06,20.79,17.95,18.11,15.290918156239558,17.197319028018956,20.268520594969026,21.833489350333082,-11,,,0,1
1723619700,18.41,18.49,16.12,16.2,15.299963746724737,17.158208477900565,19.881042443067212,20.80921855936343,-5,,,0,1
1723706100,16.27,16.68,14.77,15.22,15.299168087553348,17.08220030229662,19.437133638965573,19.792997003115534,51,,,0,0
1723792500,15.29,15.76,14.65,14.81,15.294300743398589,16.993094408088908,18.996454244778377,18.88699754800362,38,,,0,0
1724051700,15.94,16.07,14.46,14.66,15.287989293215519,16.90160050973248,18.58345860241853,18.11845253927569,70,,,0,0
1724138100,14.89,15.93,14.78,15.87,15.293780444526808,16.861145587782186,18.325033973616765,17.70964298668011,37,,,0,0
1724224500,16.25,17.17,15.92,16.26,15.30339456945689,16.837571251006413,18.12836407136755,17.446071534556452,55,,,0,0
1724310900,16.27,18.06,15.76,17.54,15.325649349860303,16.86511747645714,18.072329397903975,17.46314943736437,49,,,0,0
1724397300,17.12,17.21,15.61,15.85,15.330866769264677,16.825308947968626,17.860678979055976,17.169849539661755,114,,,1,0
1724656500,16.27,16.67,15.81,16.14,15.338917846187417,16.798434087263974,17.696804790574454,16.982604168814163,116,,,1,0
1724742900,16.21,16.81,15.37,15.42,15.339724633787542,16.74437784854774,17.479966239091173,16.69849431993886,30,,,0,0
1724829300,15.51,17.89,15.46,17.1,15.3572398115608,16.758323815271357,17.443778978225346,16.77149535267725,23,,,0,0
1724915700,16.54,16.57,15.19,15.64,15.360053345774126,16.714467979378362,17.271990504108647,16.565768924917748,55,,,0,0
1725002100,15.67,16.04,14.78,15.01,15.356570227905728,16.647626097834113,17.05656283705068,16.282901847659975,61,,,0,0
1725347700,15.76,21.99,15.71,20.71,15.409838185837014,16.806934878311207,17.404509233522045,17.08782878444907,-7,,,0,1
1725434100,23.2,23.31,19.34,21.33,15.468745268565003,16.984309981122532,17.778365496996138,17.859132641821965,-31,,,0,1
1725520500,20.75,21.53,19.21,19.89,15.512737852957391,17.098258609313806,17.979473544901268,18.22838125239979,-16,,,0,1
1725606900,21.98,23.76,18.83,22.37,15.58096931710707,17.304993565811305,18.397618921577337,18.981402842872555,-59,,,0,1
1725866100,21.32,21.41,19.29,19.46,15.61956663733486,17.389503622054,18.498798071903305,19.068420507804817,-35,,,0,1
1725952500,19.86,20.74,18.9,19.07,15.653899307610134,17.45540544079698,18.553198255531562,19.06870768820394,-34,,,0,1
1726038900,19.41,21.41,17.55,17.7,15.674258518479684,17.46499738429514,18.47194127881427,18.819851744894134,-26,,,0,1
1726125300,17.62,18.59,16.89,17.08,15.688245995907748,17.44989944765611,18.33937544273672,18.50351506400429,40,,,0,0
1726211700,17.03,17.18,16.23,16.57,15.697019667590258,17.415393586963717,18.170863495809414,18.151966870548964,92,,,1,0
1726470900,17.16,17.69,16.91,17.13,15.711278178360503,17.40420168159259,18.07173363906566,17.966154712267333,96,,,1,0
1726557300,17.16,18.08,16.67,17.6,15.730071430317116,17.41188004702033,18.02680662582131,17.899581128218728,114,,,1,0
1726643700,17.58,19.39,17.11,18.22,15.754846838970677,17.443571025568552,18.04520599479071,17.95783910490623,140,,,1,0
1726730100,17.21,17.27,16.21,16.34,15.760669258483405,17.400293730448215,17.88280542385826,17.663686540377824,130,,,1,0
1726816500,16.35,16.68,15.81,16.16,15.7646426986975,17.351654760626715,17.718728716824142,17.390288987581858,73,,,1,0
1727075700,16.71,16.95,15.75,15.9,15.76598953751643,17.29472712295508,17.545516458078986,17.119327353476066,38,,,0,0
1727162100,15.87,16.67,15.27,15.38,15.762148845600844,17.21963978479998,17.339276795404796,16.803086016480417,56,,,0,0
1727248500,15.82,15.82,15.17,15.4,15.758545374500338,17.148281361866648,17.154583767271006,16.547979468029432,19,,,0,0
1727334900,15.06,15.83,14.9,15.36,15.754579748883419,17.078152681009133,16.98367102753091,16.33198320111499,50,,,0,0
1727421300,15.64,16.97,15.2,16.95,15.76647447775025,17.07312708567544,16.98046426300416,16.444349891821357,48,,,0,0
1727680500,17.01,17.79,16.47,16.72,15.77596229389204,17.05927896466856,16.955658142718047,16.494468093308384,57,,,0,0
1727766900,16.96,20.73,16.61,19.27,15.810728838231421,17.145973907230577,17.176071652935377,16.999110258161405,19,,,0,0
1727853300,19.65,20.36,18.58,18.91,15.841567357253995,17.21515140106467,17.34120768598915,17.346544756677513,19,,,0,1
1727939700,19.63,20.75,19.16,20.48,15.887720915888284,17.34318467945429,17.64014028732352,17.916263891827057,-2,,,0,1
1728026100,20.48,20.48,18.48,19.2,15.920678916725217,17.41600096653451,17.788698355197468,18.149670456949412,56,,,0,0
1728285300,20.76,23.03,20.65,22.65,15.98763733546427,17.62125583059198,18.25167946422628,18.967912192049518,29,,,0,0
1728371700,22.92,23.14,21.14,21.43,16.04179019779796,17.770618347039353,18.554376658109494,19.415564520767788,16,,,0,0
1728458100,21.98,22.01,20.71,20.87,16.089832086377083,17.89216272558683,18.77491221448002,19.680007335173645,34,,,0,1
1728544500,20.91,21.39,20.64,20.94,16.13809246362706,18.011685755955973,18.98111105119621,19.90909691059662,-18,,,0,1
1728630900,20.87,21.16,20.14,20.45,16.180997016227785,18.107305922389074,19.12100523679657,20.00744292685178,99,,,1,0
1728890100,20.86,20.86,19.69,19.69,16.21591246880263,18.169372356805187,19.175195214244518,19.949726031060546,120,,,1,0
1728976500,19.61,20.89,19.44,20.65,16.260032742744894,18.266651872224593,19.315652812887897,20.07704857086772,150,,,1,0
1729062900,20.77,21.01,19.45,19.57,16.292967740329523,18.317763563509903,19.33987635451762,19.984857921619046,170,,,1,0
1729149300,19.55,19.65,18.88,19.1,16.320898409579975,18.348439502195788,19.317030987420704,19.823974663142856,128,,,1,0
1729235700,19.3,19.32,17.99,18.02,16.337804893066743,18.33555952171752,19.19350422671397,19.495979269844156,106,,,1,0
1729494900,18.78,19.34,18.36,18.38,16.358125242389463,18.337302285571734,19.11602763369359,19.29307394805431,50,,,0,0
1729581300,18.79,19.44,18.05,18.21,16.37655185689305,18.332310039078724,19.029739287627535,19.096151412044435,29,,,0,0
1729667700,18.21,20.47,18.18,19.25,16.405143380705063,18.36829788068348,19.050716498329674,19.12412388258181,9,,,0,0
1729754100,18.87,20.24,18.63,19.07,16.431659366966706,18.395815610852754,19.052553022298277,19.114283176657842,29,,,0,0
1729840500,19.22,20.51,18.23,20.32,16.470349323514302,18.47127382219186,19.17326225826987,19.33350441726551,31,,,0,0
1730099700,19.11,19.88,18.91,19.79,16.503380673529087,18.52298857426277,19.23199918605369,19.416503614126324,68,,,0,0
1730186100,19.75,20.53,19.06,19.33,16.531506238966607,18.554636081154424,19.24133259690572,19.400775684285172,61,,,0,0
1730272500,19.33,20.44,19.3,20.34,16.569401699275396,18.6246503524817,19.345967587676604,19.57154374168787,81,,,1,0
1730358900,21.44,23.42,21.12,23.15,16.634880289332358,18.802115044541242,19.70825638885026,20.222172152290074,-15,,,0,1
1730445300,22.96,23.09,21.16,21.87,16.686971032722084,18.922424258480802,19.914136732769283,20.52177721551006,-9,,,0,1
1730708100,22.5,23.07,21.73,21.97,16.739538485132808,19.041937032658026,20.109933234410303,20.785090449053683,-1,,,0,1
1730794500,21.98,22.06,20.2,20.5,16.776956012643925,19.09911597255379,20.14708245018075,20.733255821953012,49,,,0,0
1730880900,16.06,16.82,15.44,16.26,16.771812171722097,18.98777809127717,19.776884121592108,19.91993658159792,388,,,1,0
1730967300,15.86,15.86,15.13,15.19,16.756072747127845,18.83884561710944,19.34003801477381,19.059948112216478,148,,,1,0
1731053700,15.13,15.33,14.66,14.93,16.737902869046973,18.685557553693382,18.920034394319163,18.309048455449847,151,,,1,0
1731312900,15.33,15.56,14.89,14.96,16.720212293235562,18.53945725747011,18.542888261526862,17.700130554458966,286,,,1,0
1731399300,15.09,15.37,14.69,14.7,16.700110678377495,18.388890306196775,18.176898903286208,17.154652271830063,132,,,1,1
1731485700,15.09,15.26,13.77,14.01,16.67334340794588,18.21716911771847,17.78005138868752,16.582897313315506,122,,,1,1
1731572100,14.17,14.32,13.59,14.3,16.649728050652886,18.063554642513825,17.448617923098233,16.167825074530867,-2,,,0,1
1731658500,15.02,17.55,14.56,16.13,16.644556627263306,17.98772897025838,17.323035263755543,16.16094778825253,-73,,,0,1
1731917700,16.6,17,15.35,15.57,16.633864521519392,17.892916069463933,17.156079524350254,16.05350273584298,-40,,,0,1
1732004100,15.44,17.93,15.37,16.34,16.63094049642965,17.83201740007319,17.078357664888326,16.105593147507893,-36,,,0,1
1732090500,16.19,18.79,16.04,17.15,16.63610526760945,17.805271619678162,17.08518074442277,16.295485302506457,10,,,0,1
1732176900,17.1,17.99,15.73,16.86,16.638333075891946,17.768202144396668,17.06373495923965,16.398124338414373,74,,,1,0
1732263300,16.67,17.56,15.24,15.24,16.624419313942774,17.669056962263465,16.89004591550254,16.187556276884486,138,,,1,0
1732522500,15.23,15.72,14.54,14.61,16.604375340669712,17.549093944135485,16.67289868545468,15.90072786290549,315,,,1,0
1732608900,14.95,15.03,13.88,14.09,16.579356680563546,17.413443201228212,16.426908334458997,15.571504615104491,75,,,1,0
1732695300,14.28,15.13,13.96,14.11,16.554785967324108,17.283896409023185,16.206250397843853,15.30577650326731,104,,,1,0
1732781700,14.07,14.07,13.87,13.91,16.528469689042275,17.151586745924238,15.987559883763486,15.051998957218709,104,,,1,0
1732868100,14,14.15,13.49,13.5,16.498335662285637,17.008387265691916,15.750649418643155,14.76981732863349,104,,,1,0
1733127300,14.08,14.1,13.3,13.33,16.466809934302695,16.86413678468439,15.520111378772379,14.508032359791038,88,,,1,0
1733213700,13.38,13.77,13.19,13.31,16.43539889018028,16.724758871559512,15.309624580794058,14.290208294374485,78,,,1,0
1733300100,13.16,13.61,12.89,13.46,16.40579293107401,16.59672911189051,15.13346985881367,14.139261331760943,94,,,1,0
1733386500,13.46,13.7,13.26,13.53,16.377178076038447,16.476465225149706,14.98075844368856,14.028486544168045,67,,,1,0
1733472900,13.62,13.74,12.7,12.76,16.341186254386322,16.33072149083011,14.769257639527744,13.797852627046582,50,,,0,0
1733732100,13.36,14.23,13.35,14.18,16.319681913546656,16.24637947158187,14.713137864334625,13.867333967583567,87,,,1,0
1733818500,14.3,14.54,13.86,14.19,16.298491048735247,16.165737139362975,14.66331521058847,13.92600051893201,44,,,0,0
1733904900,14.42,14.43,13.52,13.57,16.271341884071216,16.063943526054622,14.559189952437187,13.861273151853464,53,,,1,1
1733991300,13.73,13.95,13.39,13.91,16.24784594492623,15.979475152483852,14.497362337919359,13.870132578789198,9,,,0,1
1734077700,13.57,14.25,13.24,13.8,16.22348926885731,15.894005538660956,14.430946877165134,13.857381200827525,-33,,,0,1
1734336900,14.37,14.69,13.99,14.69,16.20823066916719,15.846789635184056,14.455618603149407,14.008766437040702,9,,,0,1
1734423300,14.98,15.94,14.78,15.88,16.204964692359557,15.84809200243174,14.591273974278035,14.34899072121512,-5,,,0,1
1734509700,15.57,28.32,14.82,27.61,16.31844763074404,16.309343296454024,15.831152643394413,16.760083317357825,-61,,,0,1
1734596100,21.61,24.12,20.16,24.08,16.395677007552557,16.6140749318872,16.616757153547326,18.090977259656402,-113,,,0,1
1734682500,24.14,26.51,17.82,18.35,16.41512300747741,16.68215042475437,16.78182790082853,18.138072303355237,-63,,,0,1
1734941700,18.09,20.02,16.74,16.77,16.418654121830865,16.68559550613655,16.780701434082957,17.889331884563376,-35,,,0,1
1735028100,16.97,17.04,14.27,14.27,16.397274478827573,16.590866270601783,16.541587011789343,17.23127154191549,-35,,,0,1
1735200900,14.99,15.93,14.55,14.72,16.38058518053078,16.517498965872303,16.368102534476073,16.774676716112673,22,,,0,0
1735287300,15.38,18.45,15.29,15.94,16.376201248386195,16.4948519476028,16.32733086452597,16.622917313183095,8,,,0,0
1735546500,17.21,19.22,16.44,17.41,16.38648780312862,16.530740106520337,16.43044221076159,16.766023256240715,-25,,,0,1
1735632900,17.39,17.81,16.68,17.34,16.39597548667958,16.56247578861758,16.51706676211763,16.87038266419695,0,,,0,0
1735805700,17.21,19.5,16.96,17.92,16.41113990969769,16.615712032201202,16.65067945143976,17.061222179797504,27,,,0,0
1735892100,17.66,17.94,16.11,16.14,16.40844200014846,16.59705665838939,16.602043313207403,16.89372723801614,31,,,0,0
1736151300,16.77,16.87,15.71,16.03,16.404676408107182,16.57481914237412,16.547562997663842,16.736685922013205,62,,,0,0
1736237700,16.48,18.9,15.79,17.83,16.418858732404622,16.62404192110455,16.66969985502919,16.935470299828985,10,,,0,0
1736324100,17.91,19.5,17.37,17.69,16.431506904221493,16.665844198708292,16.766871297407363,17.072657518041897,-44,,,0,1
1736410500,18.2,18.2,18.07,18.07,16.447810318109838,16.72090913209228,16.890978792892376,17.253992514761553,-44,,,0,1
1736496900,18.29,20.31,18.05,19.53,16.478478872158497,16.831069558284742,17.142314145950245,17.66781205753218,-100,,,0,1
1736756100,21.18,22.04,19.15,19.18,16.5053596794007,16.923184477567695,17.336379465383555,17.94275531979906,-124,,,0,1
1736842500,18.79,19.66,18.24,18.7,16.527196896521094,16.99286351766308,17.46624808772798,18.080436170744683,-41,,,0,1
1736928900,19.08,19.14,15.96,16.11,16.523045683620385,16.958241418931195,17.337081603182458,17.722175048791105,23,,,0,0
1737015300,15.87,16.6,15.64,16.6,16.523811398211226,16.944192735835856,17.26688335526032,17.51814322173818,4,,,0,0
1737101700,16.19,16.23,15.53,15.96,16.51820133454743,16.905596942273664,17.142418273806957,17.234844454149417,27,,,0,0
1737360900,16.46,16.59,15.8,15.8,16.511055052611635,16.862240199439402,17.014568914396772,16.973963644304067,27,,,0,0
1737447300,16.29,16.29,14.93,15.05,16.496517191391618,16.79117195632413,16.82746711302565,16.624152072612418,81,,,1,0
1737533700,14.89,15.29,14.59,15.11,16.482721000432498,16.72524364431142,16.663898816547018,16.348851695773796,64,,,0,0
1737620100,15.28,15.39,14.59,15.03,16.46826606510481,16.658763501397246,16.508289405447304,16.109060478360377,26,,,0,0
1737706500,15.02,15.16,14.58,14.84,16.452064412715707,16.58743944251892,16.34940470016661,15.87832220956758,51,,,0,0
1737965700,18.83,22.51,17.57,17.89,16.466372229504607,16.63852024869465,16.496128062055504,16.24408180782802,20,,,0,0
1738052100,18.29,18.39,16.25,16.42,16.465910814285657,16.629950827177215,16.48887777043117,16.276066933677473,30,,,0,0
1738138500,16.42,18.08,16.17,16.55,16.46674752260122,16.626815500621245,16.494698935152012,16.325872945736116,30,,,0,0
1738224900,15.93,16.42,15.32,15.83,16.460411726356433,16.595567833930215,16.431394274661344,16.23571422832955,61,,,0,0
1738311300,15.45,17.09,14.9,16.42,16.46000961962652,16.58868282083491,16.43030910564598,16.26922073226963,30,,,0,0
1738570500,20.36,20.42,17.66,18.61,16.48140255873471,16.667950161194327,16.637898714632076,16.694816962766062,-65,,,0,1
1738656900,18.78,19.11,16.78,17.2,16.488552782030883,16.688814860755333,16.6914321703814,16.786668424081324,24,,,0,0
1738743300,17.54,17.75,15.77,15.78,16.481502505592765,16.653175062294338,16.60462910653555,16.60363780152108,61,,,0,0
1738829700,15.88,16.15,14.99,15.49,16.471636809019703,16.60756035396907,16.498473953532166,16.40115820124452,71,,,1,0
1738916100,15.38,16.66,14.79,16.55,16.47241654226329,16.60530308518597,16.503381196052914,16.428220346472788,16,,,0,1
1739175300,16.58,16.61,15.7,15.8,16.465725830399972,16.573722572041422,16.43639251071454,16.313998465295917,5,,,0,1
1739261700,16.13,16.42,15.75,16.01,16.461191245022857,16.551615804510387,16.3957837001703,16.258726017060297,-45,,,0,1
1739348100,15.91,17.18,15.64,15.88,16.455408247559944,16.525277929823705,16.34666144301122,16.189866741231153,-42,,,0,1
1739434500,15.97,16.33,14.98,15.09,16.44182209584293,16.46899252081101,16.226979400819676,15.989890970098216,49,,,1,1
1739520900,15.08,15.42,14.74,14.78,16.425286552600713,16.402757519994893,16.08917183883685,15.769910793716722,68,,,1,0
1739780100,15.38,15.57,15.34,15.38,16.414885691380807,16.362649381955876,16.02163166370953,15.699017922131864,68,,,1,0
1739866500,15.57,16.03,15.35,15.35,16.40428981385463,16.32293764148702,15.957666743356242,15.635560118107888,58,,,1,0
1739952900,15.14,15.96,15.05,15.26,16.392903845557566,16.281253812409098,15.89122229160803,15.56727646027009,26,,,0,1
1740039300,15.61,16.63,15.12,15.65,16.385511767492318,16.256498760942073,15.868248740026312,15.582317103857347,-10,,,0,1
1740125700,15.63,19.03,15.28,18.22,16.403765381746126,16.33349880953258,16.092225050499998,16.06189581224692,-14,,,0,1
1740384900,18.08,20.24,17.31,18.97,16.42930005456457,16.43689101308032,16.366298855214282,16.590642028202026,-82,,,0,1
1740471300,19.09,21.48,18.85,19.42,16.459058262976864,16.553875679234032,16.657127535670064,17.105070750347114,-89,,,0,1
1740557700,18.96,20.06,17.83,19.09,16.485236787723363,16.653331534950343,16.888829675130058,17.46596697755673,-62,,,0,1
1740644100,18.25,21.47,17.67,21.12,16.531353834611686,16.828495004167976,17.291798277498625,18.13033661800096,-108,,,0,1
1740730500,21.21,22.4,19.05,19.62,16.562086632277243,16.93796578831825,17.51353177487971,18.40118450563715,-138,,,0,1
1740989700,19.83,24.31,19.25,22.77,16.62385691454314,17.166673012305772,18.014147796319737,19.195514595521306,-160,,,0,1
1741076100,22.96,26.35,21.71,23.5,16.69227624872679,17.415038776529077,18.536609910955953,19.978148305426522,-255,,,0,1
1741162500,23.03,24.84,21.37,21.92,16.744293400480753,17.591703922547545,18.858837538483957,20.331212249894428,-57,,,0,1
1741248900,22.6,25.92,22.39,24.86,16.825046699978458,17.87673514127117,19.430376820533105,21.154628204459076,-59,,,0,1
1741335300,24.85,26.56,23.09,23.38,16.89027011589907,18.092549449456612,19.80653140905376,21.55924125819379,-56,,,0,1
1741590900,24.7,29.56,24.68,27.85,16.999322154546842,18.475194569085765,20.57257603676293,22.70301557488583,-105,,,0,1
1741677300,27.94,29.57,26.18,26.91,17.09793586445185,18.80597125265103,21.17614022373789,23.467921833997497,-149,,,0,1
1741763700,26.88,26.91,23.89,24.22,17.168802174258296,19.018286105488244,21.46603163100095,23.604663318725226,-94,,,0,1
1741850100,24.92,26.13,23.46,24.65,17.24324195361891,19.239137630763214,21.769266713762764,23.794724533502457,-141,,,0,1
1741936500,24.35,24.36,21.48,21.78,17.28838382472718,19.33877929230191,21.770288931499643,23.428410981956556,-49,,,0,1
1742195700,22.89,22.95,20.32,20.5,17.320340204580642,19.384317359270465,21.64930903326158,22.89597262160082,-8,,,0,0
1742282100,20.83,22.57,20.41,21.71,17.364018411500236,19.47552060008339,21.655089125331905,22.680341235855217,-31,,,0,1
1742368500,21.84,22.1,19.42,19.89,17.38915255665944,19.491774694197765,21.48698539910982,22.17300646569972,-18,,,0,0
1742454900,19.52,21.17,19.3,19.79,17.41304158594641,19.503469804229226,21.325367742051743,21.739732562845226,-24,,,0,0
1742541300,20.02,21.14,19.15,19.27,17.431518784096195,19.494314125632002,21.12961843328491,21.29069027869155,-73,,,0,1
1742800500,19.13,19.14,17.46,17.49,17.432100686742004,19.41571357168565,20.782988106305396,20.599655682565814,-7,,,0,0
1742886900,17.58,17.77,17.02,17.14,17.429194212247058,19.32646990220778,20.436036858085835,19.970627376644757,-32,,,0,1
1742973300,17.23,19.07,16.97,18.32,17.43805795142868,19.287000494278065,20.234509538268135,19.67051330816389,-57,,,0,1
1743059700,18.36,19.28,17.95,18.68,17.450415583752772,19.263196553325983,20.086461010814027,19.49041997940682,-61,,,0,1
1743146100,19.08,22.18,18.92,21.66,17.492301995854735,19.357188845352415,20.23632186692698,19.884889074060126,-153,,,0,1
1743405300,24.11,24.8,21.67,22.27,17.539841279478072,19.471416733769967,20.430005498648217,20.318545606049195,-265,,,0,1
1743491700,22.06,23.52,21.58,21.78,17.582031913513116,19.561949410877027,20.558576403538865,20.584264586767524,-176,,,0,1
1743578100,22.3,23.66,20.68,21.52,17.62121567556771,19.638735708489694,20.650140555582784,20.754398298264338,-126,,,0,1
1743664500,26.38,30.02,24.93,30.02,17.74458666387052,20.045844112078335,21.542508121717756,22.439053153125368,-371,,,0,1
1743750900,30.12,45.61,29.99,45.3,18.01876988114544,21.036203166506635,23.805126395839874,26.59558894346621,-611,,,0,1
1744010100,60.13,60.13,38.58,46.97,18.30684182262658,22.053214807035786,26.011304834331316,30.300027317381446,-591,,,0,1
1744096500,44.04,57.52,36.48,52.32,18.645281207476067,23.24014755970105,28.516894850109285,34.303658714221186,-332,,,0,1
1744182900,50.98,57.96,31.9,33.63,18.794382887003668,23.647592753438264,29.003857245336974,34.18117531163551,-378,,,0,1
1744269300,34.44,54.87,34.44,40.71,19.012448728924028,24.31670676310735,30.11872798387631,35.3682343458836,-67,,,0,1
1744355700,40.8,46.12,36.85,37.55,19.196901975402394,24.835659439063924,30.82646817588809,35.7649190102684,-65,,,0,1
1744614900,34.76,35.17,29.75,30.88,19.31315170699043,25.072692402237887,30.831566444851127,34.87675191749233,-32,,,0,0
1744701300,30.01,31.45,28.29,30.11,19.42058303328903,25.27023387665993,30.76284583105578,34.01006975067554,-23,,,0,0
1744787700,33.24,34.96,29.48,32.63,19.552020018032422,25.558852156006598,30.940670037621896,33.75914797782544,-56,,,0,1
1744874100,30.79,32.55,29.57,29.66,19.65259693327588,25.719681483222026,30.818701462610285,33.01384834549354,-39,,,0,1
1745219700,32.75,35.75,31.79,33.81,19.79346661553184,26.03694887603685,31.10358703759978,33.15860319176745,-63,,,0,1
1745306100,32.61,32.68,30.08,30.56,19.900596300949434,26.21432342991776,31.051816843542657,32.68612988417337,-11,,,0,0
1745392500,28.75,30.29,27.11,28.44,19.985565491984765,26.30160486403863,30.80307238225288,31.91410626886912,14,,,0,0
1745478900,28.69,29.66,26.36,26.46,20.049987725895363,26.3078164379979,30.389446441085937,30.92245058362019,2,,,0,0
1745565300,26.22,27.2,24.84,24.84,20.097649539568046,26.250255009056804,29.860927732411085,29.816550477507427,-11,,,0,0
1745824500,25.75,26.93,24.7,25.16,20.148021185940504,26.20749991066242,29.413220329324314,28.96990493614244,-5,,,0,0
1745910900,24.76,25.99,23.76,24.16,20.187941373145076,26.127205796518798,28.912913631293428,28.095376765934724,-5,,,0,0
1745997300,24.35,28.17,24.23,24.69,20.232737976397363,26.07084478489061,28.510731380694054,27.47621735394659,-24,,,0,0
1746083700,23.94,25.18,23.3,24.61,20.27629282240336,26.013556754110585,28.139233153961285,26.9550869259563,-9,,,0,0
1746170100,23.63,24.32,22.34,22.67,20.30011080426999,25.882436881400366,27.618353805964972,26.175980212146065,10,,,0,0
1746429300,24.25,24.63,22.81,23.65,20.333443035073273,25.794890337031724,27.24041534825402,25.71671108266496,13,,,0,0
1746515700,23.97,25.11,23.9,24.77,20.37758788049543,25.75469855910891,27.005137696039352,25.544581794907696,-36,,,0,1
1746602100,24.56,25.62,23.29,23.54,20.40905466775418,25.667847635222287,26.67512458213084,25.180112377651753,-13,,,0,1
1746688500,22.84,23.61,21.88,22.47,20.429561586482993,25.542441845605726,26.274636526689807,24.68736467262416,-5,,,0,0
1746774900,22.4,22.82,21.83,21.89,20.444093311990624,25.39920883205256,25.857052095576492,24.178752913965223,-5,,,0,0
1747034100,19.84,20.44,18.14,18.38,20.42355507008027,25.12394574059952,25.144951895997778,23.12443420233518,40,,,0,0
1747120500,18.69,18.85,17.65,18.23,20.401728651472506,24.853594927242675,24.486385048759896,22.234537074637874,14,,,0,0
1747206900,18.1,18.82,18.06,18.61,20.38390050568671,24.608748067350806,23.926729329830383,21.575530333794624,-8,,,0,0
1747293300,19.19,19.38,17.77,17.82,20.358389057868933,24.342522652944893,23.345136060322726,20.892706636741057,0,,,0,0
1747379700,17.96,17.96,17.15,17.25,20.32745981351203,24.064384509692154,22.76464691172056,20.230396339151774,32,,,0,0
1747638900,19.84,19.92,17.92,18.13,20.30559454173579,23.831663548527757,22.323251967747176,19.848506095669634,22,,,0,0
1747725300,18.46,18.68,17.7,18.08,20.283449322415034,23.60610811525216,21.919132732723636,19.52695953282061,24,,,0,0
1747811700,18.77,21.05,17.77,20.86,20.289186145077572,23.498417600928544,21.818262948654716,19.769330526853224,-2,,,0,0
1747898100,20.62,22.07,19.64,20.27,20.288995238161377,23.371812989127424,21.670809334497125,19.86036134015264,-14,,,0,0
1747984500,20.14,25.53,19.83,22.28,20.308806230816487,23.32899679347537,21.728827493116448,20.30029564194307,-23,,,0,0
1748243700,20.75,20.83,20.3,20.56,20.311305671305874,23.220408683927314,21.61751058901012,20.34751461613524,-23,,,0,0
1748330100,20.63,21.01,18.95,18.95,20.29776034124313,23.05294167671448,21.363461961485346,20.093421049565194,42,,,0,0
1748416500,19.21,19.43,18.68,19.3,20.28783237764867,22.90576749331391,21.166941774677216,19.949162676916977,24,,,0,0
1748502900,18.25,20.2,18.11,19.19,20.276908672398434,22.76005112102709,20.97866160566034,19.81113309929571,17,,,0,0
1748589300,19.61,20.55,18.57,18.57,20.25992450650392,22.595735390790733,20.749265262264117,19.5854725357874,7,,,0,0
1748848500,19.81,20.45,18.36,18.36,20.24101978504617,22.429628120563645,20.521716189667536,19.36265934746242,26,,,0,0
1748934900,18.83,19.21,17.64,17.7,20.215736006090488,22.24415250799252,20.252981314461103,19.060357647923798,41,,,0,0
1749021300,17.68,18.07,17.41,17.6,20.18970878214929,22.06202888022811,20.00031642736957,18.794838075574017,35,,,0,0
1749107700,17.68,18.8,17.08,18.47,20.17259725197865,21.921165002572103,19.854572005715323,18.735776607287832,24,,,0,0
1749194100,18.16,18.35,16.65,16.78,20.138840065391797,21.719550688745745,19.561755624218627,18.380180860508226,52,,,0,0
1749453300,17.69,17.72,16.82,17.15,20.109100363248594,21.540352622520423,19.33206461238828,18.156511613143092,50,,,0,0
1749539700,17.5,17.99,16.68,16.96,20.07776603127597,21.360730951049035,19.10615369692273,17.938964047117075,42,,,0,0
1749626100,17.04,18.09,16.23,17.25,20.049629055840388,21.19952581571378,18.929377154358658,17.81369785673215,38,,,0,0
1749712500,17.87,18.87,17.43,18.01,20.029334239364363,21.0744463719603,18.84181742537212,17.849389155508124,19,,,0,0
1749798900,21.76,22,18.88,20.81,20.03710205787815,21.06407592600107,19.02926338486049,18.38768203632483,-19,,,0,0
1750058100,19.78,20.22,18.67,19.12,20.027976664267424,20.987837654393186,19.03790496725473,18.520830756993043,14,,,0,0
1750144500,20.53,21.79,19.55,21.59,20.043519185020983,21.011451864024824,19.280961637039994,19.078861528448854,3,,,0,0
1750230900,20.9,21.58,19.59,20.13,20.044379690642664,20.976885124259145,19.361822433512376,19.269977614185425,20,,,0,0
1750317300,21.51,22.75,21.18,22.16,20.065430638994478,21.023281786052905,19.628315535082628,19.795436229788073,20,,,0,0
1750403700,20.74,21.07,19.11,20.61,20.070849239601497,21.007074657188085,19.72180929364619,19.94353873346297,22,,,0,0
1750662900,21.15,22.51,19.82,19.82,20.068353227267153,20.960522709847375,19.731160789489408,19.92107714556061,11,,,0,1
1750749300,18.19,18.72,17.33,17.49,20.042697971274446,20.82442378004944,19.51771690477613,19.479063119095045,72,,,0,0
1750835700,17.28,17.51,16.68,16.75,20.009934807381168,20.664642455341617,19.254124818606975,18.98286982471413,40,,,0,0
1750922100,16.67,16.78,16.11,16.6,19.976005107805236,20.505244711994887,19.00135102635869,18.549620765675197,34,,,0,0
1751008500,16.31,17.29,16.12,16.33,19.939726450016128,20.34150962524999,18.746936642895957,18.146053353734253,65,,,0,0
1751267700,17.19,17.43,16.55,16.74,19.907888375886614,20.20027395367156,18.55579981976301,17.890407289418935,73,,,0,0
1751354100,16.98,17.48,16.51,16.84,19.87736212339023,20.068498504507968,18.392390313118913,17.69942414588822,65,,,0,0
1751440500,16.75,17.37,16.54,16.63,19.845050062460974,19.93365542589981,18.224543616631397,17.50498339209036,69,,,0,0
1751526900,16.65,16.83,16.14,16.37,19.810472449899173,19.793904232727268,18.047920415047454,17.298622775346658,69,,,0,0
1751613300,16.93,17.67,16.92,17.49,19.787383171790722,19.70355504713012,17.994785137423886,17.33341863437454,109.99,,,1,0
1751872500,17.83,18.5,17.51,17.8,19.767608214857482,19.628905829595606,17.976234171954946,17.418251609942804,76,,,0,0
1751958900,17.41,17.44,16.54,16.8,19.738079774908652,19.517968346082053,17.864211869864,17.30584222631684,60,,,0,0
1752045300,16.76,16.76,15.76,15.95,19.700387438839908,19.378048018784717,17.681905977496,17.059325457895596,49,,,0,0
1752131700,16.23,16.24,15.7,15.77,19.66127910611513,19.23655593961669,17.49981969392495,16.824902647369125,74,,,0,0
1752218100,16.41,17.24,15.98,16.39,19.628729065258263,19.12492629492584,17.394122580217815,16.74582943875656,38,,,0,0
1752477300,17.73,17.85,16.91,17.21,19.604662109385046,19.049831146105216,17.376587096387546,16.830224086255367,46,,,0,0
1752563700,16.89,17.39,16.56,17.39,19.582625670485694,18.984739728610894,17.37786451577921,16.93200152511803,51,,,0,0
1752650100,17.66,19.48,16.69,17.15,19.5584204399336,18.91278915101831,17.356163133324046,16.971637611460206,24,,,0,0
1752736500,17.16,17.37,16.48,16.51,19.528087898242717,18.818562125488178,17.275576168245564,16.887703500285625,69,,,0,0
1752822900,16.43,16.81,16.28,16.4,19.496962645523883,18.72371655193962,17.192187961745987,16.799030136597327,60,,,0,0
1753082100,16.87,16.99,16.3,16.64,19.468535156513695,18.642002177353753,17.139598632055893,16.770115566306906,55,,,0,0
1753168500,16.75,17.48,16.43,16.49,19.438897990777242,18.557609935104587,17.077732095669617,16.719185463342015,43,,,0,0
1753254900,16.23,16.32,15.32,15.36,19.39831194111777,18.43221346706127,16.9141385627487,16.472060833643468,74,,,0,0
1753341300,15.39,15.54,14.95,15.38,19.35832873772356,18.312518821294162,16.768030128201204,16.273504318435563,51,,,0,0
1753427700,15.33,15.39,14.92,14.92,19.314166262721336,18.179478867517922,16.59202725884871,16.027412624174552,38,,,0,0
1753686900,15.15,15.54,15,15.04,19.27163724518182,18.056362049183885,16.444215138958356,15.847883056142814,49,,,0,0
1753773300,14.95,16.12,14.7,15.97,19.238785133289465,17.974543929608046,16.399051792390893,15.87008613684412,37,,,0,0
1753859700,15.87,17.27,15.44,15.47,19.201284783704494,17.876326520603808,16.310570669306045,15.797343202872462,23,,,0,0
1753946100,14.99,17.17,14.74,16.71,19.176495880384053,17.83058822567817,16.348611557943563,15.963280802350196,-1,,,0,1
1754032500,17.4,21.9,17.39,20.37,19.188371543265802,17.93017300114177,16.73160093337751,16.76450247465016,-64,,,0,1
1754291700,19.56,19.58,17.48,17.53,19.171870333880072,17.914479942273466,16.80763893972251,16.903683842895585,31,,,0,0
1754378100,17.21,18.94,17.11,17.84,19.158617892746935,17.911559160223526,16.90595904070132,17.073923144187297,23,,,0,0
1754464500,17.22,17.88,16.56,16.76,19.134751048042986,17.866399977469662,16.892058179682145,17.016846208880516,-2,,,0,1
1754550900,16.41,17.64,15.98,16.58,19.109330639604746,17.815952919529675,16.86233835304575,16.937419625447696,10,,,0,1
1754637300,16.48,16.52,15.15,15.15,19.069934314832558,17.711405746214787,16.699258509898534,16.61243423900266,19,,,0,1
1754896500,15.81,16.36,15.52,16.24,19.041775764436213,17.653703560088715,16.655519604193913,16.54471892282036,5,,,0,1
1754982900,16.09,16.56,14.66,14.74,18.998972025486598,17.539440675379353,16.473089165699253,16.216588209580294,66,,,0,0
1755069300,14.62,14.81,14.3,14.48,18.95400712971061,17.419462609678202,16.283271149918374,15.900844898747513,104,,,1,0
1755155700,14.66,15.39,14.57,14.82,18.912872730410008,17.317522899494744,16.14391199278329,15.704327644429783,43,,,0,0
1755242100,14.43,15.18,14.4,15.08,18.8747346932915,17.229776903436125,16.042587041089643,15.590813527260732,47,,,0,0
1755501300,15.73,15.95,14.95,14.98,18.835981114253773,17.141550358203336,15.941388275271581,15.479756522304235,47,,,0,0
1755587700,15.23,15.91,14.76,15.58,18.803583292221397,17.080313089254187,15.906970344293336,15.497982609158012,20,,,0,0
1755674100,15.95,17.19,15.57,15.68,18.772502861453024,17.025398850459904,15.885354121027305,15.531076680220192,-9,,,0,0
1755760500,15.72,17.24,15.65,16.59,18.750786415070408,17.008324385735985,15.952463252358038,15.72360819290743,27,,,0,0
1755846900,16.81,16.83,14.21,14.21,18.7056044606916,16.898586174530653,15.786514371181083,15.448406703287898,138,,,1,0
1756106100,15.05,15.19,14.24,14.8,18.66674272476432,16.816288677490235,15.69256062154479,15.330514575417372,100,,,1,0
1756192500,15.75,15.75,14.62,14.62,18.626476628000496,16.730159709745518,15.590411990921476,15.201330107159668,90,,,1,0
1756278900,14.66,15.23,14.66,14.84,18.588800243642282,16.65603579955942,15.518944182262288,15.135633724039728,105,,,1,0
1756365300,14.42,14.69,14.12,14.44,18.54751864917818,16.569132434870813,15.416187593475403,15.009154865123413,95,,,1,0
1756451700,14.31,15.97,14.31,15.35,18.515702543216207,16.52132331977784,15.409884013144412,15.071126707828247,55,,,0,0
1756710900,16.17,16.79,15.08,16.11,18.491765204477737,16.50519299351204,15.476561726178277,15.260012760950383,55,,,0,0
1756797300,16.65,19.38,16.55,17.16,18.478513809408305,16.530871699648824,15.636889180827964,15.605464986232132,40,,,0,0
1756883700,17.4,17.57,16.34,16.34,18.457235065036084,16.523386534956714,15.703852115987205,15.7390168069172,45,,,0,0
1756970100,16.22,16.35,15.28,15.29,18.425720288269556,16.475018435546648,15.664437628750328,15.657377387477709,44,,,0,0
1757056500,15.23,16.92,14.74,15.19,18.39352406649573,16.42462555572129,15.619253092678868,15.57239968066358,101,,,1,0
1757315700,15.58,15.65,14.99,15.1,18.360752682749503,16.372679455496925,15.569800417185641,15.486508829633838,97,,,1,0
1757402100,15.02,15.82,14.97,15.03,18.3276108650107,16.32002535920293,15.518390853644151,15.403507224245867,62,,,0,0
1757488500,14.98,15.63,14.63,15.34,18.29788339371706,16.281592992175366,15.501401248535185,15.391960456201165,62,,,0,0
1757574900,15.19,15.24,14.65,14.7,18.26208355895371,16.219569737580255,15.425077320103263,15.26614946416459,111,,,1,0
1757661300,14.62,14.97,14.41,14.75,18.227137453889494,16.161939551792795,15.360784241998191,15.172304107043756,69,,,0,0
1757920500,15.14,15.84,14.92,15.68,18.201792802607013,16.143039961526412,15.391185742760268,15.264612451217618,58,,,0,0
1758006900,15.6,16.38,15.44,16.37,18.18356600855122,16.151940355192043,15.48440614821167,15.465592005541687,49,,,0,0
1758093300,16.42,16.75,15.26,15.71,18.158953411451208,16.134609360870787,15.505891276953417,15.510029822715927,92,,,1,0
1758179700,14.93,15.8,14.33,15.69,18.134386710839753,16.117173699660167,15.52342544105309,15.542751673131212,118,,,1,0
1758266100,15.76,16.13,15.29,15.46,18.10777589779657,16.091402182026435,15.517384922857557,15.527705914380082,114,,,1,0
1758525300,16.14,16.35,15.78,16.09,18.087698525679194,16.091347194495988,15.57191969210922,15.629941202674612,91,,,1,0
1758611700,16.1,17.07,15.95,16.63,18.073194062737112,16.112470833927517,15.672689245241674,15.811770074915591,104,,,1,0
1758698100,16.57,17.21,16.18,16.18,18.054356310869082,16.115119036518596,15.721004555218657,15.878720970385483,32,,,0,0
1758784500,16.55,17.74,16.32,16.73,18.041178636134067,16.13923201547865,15.817099359483548,16.03349897576994,-20,,,0,1
1758870900,16.89,17.05,15.29,15.29,18.013803724331737,16.10592879918537,15.766899420485114,15.89831734381177,18,,,0,0
1759130100,15.84,16.29,15.74,16.11,17.99486040369162,16.106088454119277,15.799575666153197,15.936805099482358,55,,,0,0
1759216500,16.49,16.7,16.02,16.29,17.977896618580264,16.113300671604797,15.846282745567178,16.00102235412193,50,,,0,0
1759302900,17.28,17.28,15.98,16.28,17.961002124863047,16.119837900169316,15.887589150751257,16.051745562463395,55,,,0,0
1759389300,16.12,16.92,15.93,16.62,17.94765882013804,16.139452100162675,15.957342564965423,16.155064551106413,77,,,1,0
1759475700,16.35,17.06,16.2,16.64,17.934647289589403,16.15908142956806,16.02235755877824,16.24323463272343,126,,,1,0
1759734900,16.74,17.09,16.29,16.36,17.918979157354684,16.166960589192843,16.05451398175174,16.264464699500987,123,,,1,0
1759821300,16.58,17.55,16.19,17.23,17.912123643351155,16.208648409224498,16.166465031108718,16.44001657231899,55,,,0,0
1759907700,17.17,17.2,16.23,16.29,17.895983109586467,16.211838667686283,16.178230266241222,16.412740831897356,62,,,1,0
1759994100,16.31,17.27,16.26,16.44,17.881495715461227,16.220786170914273,16.20316071707539,16.417697044279656,65,,,1,0
1760080500,16.36,22.44,16.23,21.65,17.918993270531264,16.433696517152928,16.721907315449165,17.36902485441063,-15,,,0,1
1760339700,19.45,20.77,18.61,19.02,17.92994856137175,16.53512018314693,16.940773285406387,17.669202153608698,-16,,,0,1
1760426100,21.46,22.94,19.18,20.8,17.958506287129243,16.702370372043127,17.308318686796255,18.238438125679842,31,,,0,1
1760512500,20.02,22.44,19.11,20.63,17.985088314122983,16.856395063335555,17.624669288053756,18.673267557374416,110,,,1,0
1760598900,20.49,25.43,19.85,25.3,18.05787350502723,17.18751682555769,18.35565316538197,19.878128001488157,48,,,1,1
1760685300,28.41,28.99,20.73,20.77,18.084859838310543,17.32800636181033,18.585590959155116,20.040286546672128,-18,,,0,0
1760944500,20.53,21.02,18.23,18.24,18.086403521511432,17.363770818209925,18.552677534473677,19.71296172000447,41,,,0,0
1761030900,18.65,18.89,17.4,17.88,18.084349755128233,17.384015099848753,18.488613007380945,19.379695952730927,18,,,0,0
1761117300,17.84,21.01,17.73,18.59,18.08938110084835,17.43130862534488,18.4982689114399,19.236114870416213,-10,,,0,0
1761203700,18.36,19.35,17.08,17.29,18.08142706004389,17.425767110625472,18.383195681778957,18.88227580306781,27,,,0,0
1761290100,17.02,17.22,16.02,16.36,18.064298432580767,17.38397232197349,18.19051037875239,18.423680202510027,89,,,1,0
1761549300,15.73,16.07,15.62,15.8,18.041768099918272,17.321855760327473,17.962842723633113,17.946647438417294,84,,,1,0
1761635700,15.95,16.55,15.66,16.41,18.025531601411622,17.286096710902868,17.814952940429958,17.667256995068694,23,,,0,1
1761722100,16.34,17.58,16.26,16.91,18.014431784482152,17.271347820279225,17.728766946103296,17.529573905056203,-9,,,0,1
1761808500,16.26,17.41,15.73,16.9,18.00334291100472,17.25678516066043,17.649836760760124,17.415105922318713,-41,,,0,1
1761894900,16.43,18.54,15.96,17.43,17.997638006417606,17.263577899458063,17.628899926402017,17.417813936442585,-42,,,0,1
1762157700,18.06,18.83,17,17.16,17.98930329988609,17.259516021047943,17.584242790554207,17.370938675271205,-26,,,0,1
1762244100,19.73,20.48,17.9,18.99,17.99926048098175,17.327378137869594,17.718124429549043,17.66531346158553,-86,,,0,1
1762330500,19.37,20.02,17.31,18,17.999267839379943,17.353755465796276,17.744969721972943,17.72616555947907,-24,,,0,1
1762416900,18.36,20.31,17.64,19.49,18.01410099520701,17.437529761255245,17.911163081785045,18.046862730482875,-60,,,0,1
1762503300,19.52,22.72,19.08,19.08,18.024706955453706,17.50194035885308,18.0224808835198,18.23470587039508,-110,,,0,1
1762762500,18.58,18.82,17.6,17.6,18.020481015598445,17.50578583497649,17.982244608898867,18.119304803050518,41,,,0,1
1762848900,17.9,18.01,17.25,17.29,18.013212547781546,17.49732364536957,17.916316550908498,17.968522111586786,36,,,0,0
1762935300,17.21,18.06,17.1,17.5,18.008105955266306,17.497428600453116,17.87666735558388,17.883336273116463,59,,,0,0
1763021700,17.61,21.31,17.51,19.99,18.027826294019874,17.59517649847456,18.077937131242557,18.26636604164074,-43,,,0,1
1763108100,21.33,23.03,19.56,19.82,18.045658868208733,17.68242447892654,18.243847880648026,18.548844943160606,-88,,,0,1
1763367300,19.58,23.44,19.54,22.39,18.088886143151928,17.867035283674518,18.6387195110625,19.24723677167686,-99,,,0,1
1763453700,23.54,25.84,22.91,24.68,18.15446936560813,18.134210370589244,19.214079557627976,20.23501190409925,-134,,,0,1
1763540100,24.52,24.79,21.93,23.65,18.20915126246775,18.35051584625241,19.636548171187215,20.855918830626656,-115,,,0,1
1763626500,20.78,28.27,19.28,26.41,18.29075174741832,18.666574048360157,20.281638821550338,21.86575177051272,-85,,,0,1
1763712900,25.97,27.84,22.54,23.42,18.34178904346391,18.85298290920878,20.580530362355066,22.148342357692226,-97,,,0,1
1763972100,22.69,23.68,20.41,20.51,18.3633632818374,18.917963971592748,20.573813184987916,21.850461929020913,40,,,0,1
1764058500,20.55,21.77,18.39,18.55,18.365220363610163,18.903534011922446,20.381069072131925,21.250377941926203,107,,,1,0
1764144900,18.25,18.7,16.93,17.18,18.353427126161307,18.835944442827447,20.076205350976505,20.51030922521235,120,,,1,0
1764231300,17.22,17.36,17.05,17.22,18.342149244308956,18.772574072520488,19.804185793740647,19.91207118426465,120,,,1,0
1764317700,17.41,18.52,15.78,16.34,18.322227361281005,18.677179010853017,19.474263337193918,19.262603696216534,120,,,1,0
1764576900,18.05,18.33,16.58,17.23,18.311359427337912,18.62042689278035,19.260523971746878,18.893039387813527,32,,,0,0
1764663300,17.28,17.31,16.39,16.58,18.294131970349476,18.540410151887006,19.00523597443765,18.472486771847432,27,,,0,0
1764749700,16.43,17.28,15.93,16.09,18.272200308952964,18.44431563612673,18.727594453062636,18.039307358784264,64,,,0,0
1764836100,16.23,16.63,15.68,15.79,18.24750179841612,18.34022482686686,18.447823552770956,17.63034238445985,94,,,1,0
1764922500,15.58,16.18,15.28,15.4,18.2191684471881,18.224921892479923,18.157554642983246,17.224825587285334,75,,,0,0
1765181700,16.15,17.09,16.1,16.67,18.20375383577329,18.163944563363064,18.015882772222938,17.12394820777891,103,,,1,0
1765268100,16.66,17.2,16.45,16.94,18.19117917074072,18.115946737348825,17.913417746296943,17.090503079091835,61,,,0,0
1765354500,16.94,17.66,15.56,15.76,18.166988333220914,18.0235566692175,17.70833034188771,16.848593428347865,122,,,1,0
1765440900,16.84,16.88,14.85,14.85,18.13398347418389,17.899103466503085,17.436108404565072,16.48521280501189,145,,,1,0
1765527300,14.99,17.85,14.85,15.73,18.11006324060992,17.814040585463747,17.273621889844588,16.34790138591882,95,,,1,0
1765786500,16.51,17.35,15.99,16.49,18.093943208365047,17.762117425249482,17.198991233668913,16.373737497569945,53,,,1,1
1765872900,17.28,17.61,16.19,16.47,18.077784569475842,17.71144615367107,17.129563497129016,16.391239770739045,12,,,0,1
1765959300,16.45,18,15.82,17.63,18.073329001620362,17.708252186860438,17.177224116450063,16.616468903331945,13,,,0,0
1766045700,17.61,17.68,15.93,16.86,18.061256076231103,17.674987395218853,17.147012295835772,16.660747284544318,43,,,0,0
1766132100,16.31,16.53,14.91,14.91,18.02990029437806,17.566556516974977,16.933963505756175,16.34242959644535,44,,,0,0
1766391300,15.16,15.26,14.03,14.09,17.990697306374297,17.430220967289685,16.663109838541303,15.932896942546195,76,,,1,0
1766477700,14.09,14.45,13.64,14.01,17.95108837795266,17.296094654846954,16.41043271106118,15.583279316628705,17,,,0,0
1766564100,14.09,14.16,13.38,13.46,17.90640093140587,17.145659570343152,16.129439119531543,15.197228531787122,17,,,0,0
1766736900,14.12,14.29,13.52,13.61,17.86365067338193,17.007006253859107,15.889492536719015,14.908641526007646,-4,,,0,0
1766996100,14.69,15.08,13.99,14.19,17.82709693533833,16.896535420374438,15.727636104650538,14.777979430369891,-27,,,0,1
1767082500,14.43,14.62,14.04,14.34,17.792399453394662,16.79627912937936,15.59548028516001,14.698346806666274,-25,,,0,1
1767168900,14.77,15.17,14.38,14.94,17.764017369281284,16.7234838694037,15.533053591335246,14.74228375090877,-28,,,0,0
1767341700,14.85,15.42,14.46,14.52,17.73173858948744,16.637072737270223,15.436572296922366,14.701868523470813,15,,,0,0
1767600900,15.14,15.27,14.65,14.91,17.703661588597015,16.569344394632175,15.386422554358331,14.739710610112484,64,,,0,0
1767687300,15,15.21,14.63,14.74,17.674172418561223,16.497605398764247,15.3248585015623,14.739763226455668,85,,,1,0
1767773700,14.95,15.48,14.83,15.39,17.651444334794444,16.454169892930356,15.331062453794463,14.85798809437282,59,,,0,0
1767860100,15.69,15.85,15.15,15.46,17.62963891852783,16.415182838305636,15.343342220099752,14.967444804486853,92,,,1,0
1767946500,15.68,15.81,14.43,14.48,17.59829922779621,16.339293315234826,15.261119151518823,14.878818476398335,92,,,1,0
1768205700,16.06,16.66,15.03,15.11,17.573540031499732,16.291085734245225,15.246726851374174,14.920851480689546,92,,,1,0
1768292100,15.36,16.5,14.75,15.97,17.557584409295753,16.278494136823845,15.315610008386157,15.11160575692781,87,,,1,0
1768378500,16.33,18.1,16.22,16.74,17.549449241044055,16.296592405968006,15.451266198063665,15.40767743748639,64,,,0,0
1768464900,16.52,16.54,15.3,15.83,17.532340293371973,16.278294664557496,15.487336083962363,15.48446335794341,125,,,1,0
1768551300,15.44,16.29,15.3,15.87,17.515799593935437,16.262283109084652,15.523780266442138,15.554560929226426,74,,,1,0
1768896900,19.94,20.99,18.64,20.08,17.541314025836577,16.411997496963686,15.957705955352411,16.37736803300344,16,,,0,1
1768983300,19.31,20.81,16.67,16.89,17.53483328926109,16.43074269316119,16.046495864366467,16.47057384518463,120,,,1,1
1769069700,16.65,16.67,15.27,15.63,17.515879724193816,16.399341018919575,16.00682959156966,16.317742236969245,238,,,1,0
1769156100,15.68,16.21,15.3,16.08,17.501592363754078,16.386817841707042,16.013798201896357,16.27451637570211,56,,,0,0
1769415300,16.9,17.39,15.8,16.14,17.48804418103016,16.377138710659707,16.02581742076337,16.250058852847182,39,,,0,0
1769501700,16.02,16.37,15.74,16.36,17.476819860820903,16.376466604359326,16.05764433307162,16.27004815232951,39,,,0,0
1769588100,16.09,17.18,16.05,16.34,17.465508220414726,16.375036541443272,16.084535348969563,16.28276667008778,39,,,0,1
1769674500,16.04,19.74,16.02,16.87,17.459582765485226,16.39444687315138,16.159341506210556,16.389536366435458,-12,,,0,1
1769760900,18.72,19.27,16.67,17.43,17.45928840960975,16.435056799694465,16.280356600857168,16.5787115725381,-4,,,0,1
1770020100,19.95,19.96,16.08,16.35,17.448250713991744,16.431721238922133,16.28698930553744,16.537127650258448,49,,,1,1
1770106500,16.16,20.37,16.05,18.01,17.453840259126153,16.493614523670285,16.451085562152922,16.80492262293873,12,,,1,1
1770192900,17.63,21.24,17.47,18.63,17.4655433411249,16.57739434627145,16.658601222900263,17.136754873313507,51,,,1,1
1770279300,19.24,23.1,19.06,21.78,17.50847325812863,16.78141809739806,17.14635348738595,17.98098125998378,-37,,,1,1
1770365700,21.24,21.49,17.27,17.77,17.511075514266654,16.820186015147154,17.205748393349193,17.94262103089582,125,,,1,1
1770624900,17.95,19.2,16.9,17.35,17.509472772831167,16.840963034160993,17.21948664160165,17.834871752551123,74,,,1,1
1770711300,17.47,17.97,17.14,17.8,17.51236359101195,16.878572326938993,17.27477362811578,17.828531433905464,60,,,0,0
1770797700,17.87,18.96,16.75,17.64,17.513633605031732,16.908432235686483,17.309557092104754,17.7942529913772,4,,,1,1
1770884100,17.44,21.21,17.08,20.81,17.546433270653306,17.061434893110544,17.642932607142395,18.342570629308618,-26,,,1,1
1770970500,21.48,22.4,18.92,20.59,17.576717516716457,17.199809995341504,17.92360569217645,18.751194151252506,-4,,,0,1
1771316100,21.74,22.96,19.76,20.3,17.60381485485858,17.321386073955562,18.14992895958822,19.032795214661142,-29,,,0,1
1771402500,19.78,20.34,18.48,19.61,17.62377689610377,17.411135639682794,18.28898334438934,19.13774153926821,43,,,0,0
1771488900,19.34,21.11,19.23,20.22,17.649609961814182,17.521287183224644,18.472889692542736,19.33451580485581,-7,,,0,1
1771575300,20.04,21.21,18.76,19.08,17.66384269851255,17.582413176039363,18.53070972182438,19.288240203972933,18,,,0,1
1771834500,20.49,22.04,19.5,21.02,17.69723729852735,17.717220502469193,18.767784986412533,19.603105621432398,-65,,,0,1
1771920900,21.24,22.08,19.23,19.56,17.715772250780812,17.789486365117458,18.843234035325626,19.595268235717416,-3,,,0,1
1772007300,19.59,19.62,17.86,17.94,17.718003372663592,17.795388860603047,18.757211746246995,19.294310374677885,55,,,1,1
1772093700,18.07,20.54,17.5,18.62,17.726978463482858,17.827726552344103,18.74414396089014,19.171708488372815,48,,,0,0
1772180100,19.28,21.74,18.77,19.85,17.748103055886013,17.90703139342865,18.849463583662505,19.295034217759575,15,,,0,0
1772439300,24.66,25.24,20.37,21.43,17.784738846374708,18.045187025058897,19.095228956647027,19.68320981453056,17,,,0,1
1772525700,24.57,28.15,22.18,23.56,17.842204131485406,18.261454200546783,19.520445246490166,20.388080757343186,-34,,,0,1
1772612100,24.39,24.87,20.4,21.14,17.875018020724358,18.37433834954495,19.674688556348244,20.524793346917154,32,,,0,0
1772698500,22.11,25.84,20.55,23.76,17.933575055344015,18.585540767209853,20.06376583669603,21.11301273838676,3,,,0,0
1772784900,23.2,29.93,22.92,29.48,18.048464855788353,19.01277446261339,20.960550042724982,22.63428314958917,-24,,,0,1
1773040500,35.12,35.3,24.76,25.51,18.12270898657653,19.267567620942277,21.39383099103689,23.157140758754775,-56,,,0,1
1773126900,24.39,26.01,22.19,24.92,18.190343723028505,19.489231635807286,21.72965661093814,23.477660620799362,14,,,0,0
1773213300,24.9,26.23,23.75,24.22,18.250340302898866,19.674751963814842,21.966832171801173,23.61263141701766,-20,,,0,1
1773299700,25.48,27.33,24.6,27.28,18.340187663069027,19.97299698484171,22.472848155439156,24.27942570483263,-66,,,0,1
1773386100,27.85,28.47,24.67,27.18,18.428145994779783,20.255624554063605,22.921148331111617,24.806802849408516,-70,,,0,1
1773645300,25.88,26.42,23.23,23.52,18.478811208762075,20.38363927743366,22.978181823386702,24.572838694970603,-10,,,0,1
1773731700,24.56,24.58,21.87,22.36,18.517430002704742,20.461143619495083,22.91930736401654,24.17050438679413,-10,,,0,1
1773818100,21.51,25.13,21.47,25.08,18.58272920665793,20.64227524225998,23.125087615062583,24.335867225558832,-66,,,0,1
1773904500,25.6,27.52,23.54,24.05,18.637129911069295,20.77591150726939,23.213174508866146,24.28389136636632,-95,,,0,1
1773990900,24.46,29.28,23.68,26.77,18.718053991556168,21.010973801101965,23.551919793736037,24.73591111793608,-91,,,0,1
1774250100,30.04,31.04,20.28,26.16,18.792103205570534,21.212896397137182,23.800308384808794,24.99483636922043,-31,,,0,1
1774336500,25.91,27.94,25.64,26.94,18.873176805515104,21.437488695288664,24.09932663387462,25.348502483907623,-61,,,0,1
1774422900,25.79,26.67,24.82,25.32,18.93732429998759,21.58974404057146,24.215581240172277,25.34332021410624,-17,,,0,1
1774509300,26.49,28.49,26.12,27.43,19.02182853580861,21.818773686039247,24.52171636015587,25.722716538814197,-28,,,0,1
1774595700,27.54,31.65,27.54,31.04,19.141412331472207,22.180390404233787,25.142505278236264,26.689495349938888,-146,,,0,1
1774854900,30.79,31.52,29.33,30.62,19.255627134144124,22.511355486420698,25.664171442213764,27.404132559040907,-98,,,0,1